SYMBOL,29 jan 2020,30 jan 2020,31 jan 2020
20MICRONS,1.2999992,1.9000015,1.1499977,
21STCENMGM,0.40000057,0.0,0.0,
3IINFOTECH,0.1500001,0.099999905,0.099999905,
3MINDIA,532.7988,398.8496,2251.9004,
3PLAND,0.5999999,0.0,0.7000003,
5PAISA,21.0,8.300003,8.350006,
63MOONS,3.699997,4.1500015,4.699997,
762GS2039,0.0,0.0,0.0,
A2ZINFRA,0.099999905,0.25,0.0,
AAKASH,0.5,0.0,1.0999999,
AARON,0.0,0.0,5.0999985,
AARTIDRUGS,33.799988,18.650024,18.0,
AARTIIND,90.70001,51.0,48.0,
AARVEEDEN,0.8000002,0.39999962,1.0999994,
AAVAS,45.849976,56.0,0.0,
ABAN,0.95000076,0.8999996,54.0,
ABB,24.150024,23.849976,0.95000076,
ABBOTINDIA,108.84961,190.2002,54.0,
ABCAPITAL,3.3499985,4.199997,159.90039,
ABFRL,4.899994,5.400009,4.5,
ABSLBANETF,0.0,0.0,7.599991,
ACC,28.800049,2.3700256,0.0,
ACCELYA,50.900024,31.050049,20.299988,
ACE,2.7000046,44.94995,0.0,
ADANIENT,7.350006,1.2000008,4.4000244,
ADANIGAS,5.949997,0.0,0.0,
ADANIGREEN,5.949997,2.2999954,52.0,
ADANIPORTS,14.0,4.550003,33.0,
ADANIPOWER,1.25,5.599991,0.049999237,
ADANITRANS,8.049988,10.25,1.9000015,
ADFFOODS,7.0,6.850006,7.400009,
ADHUNIKIND,1.7999992,1.9500008,5.300003,
ADLABS,0.25,9.850006,12.599991,
ADORWELD,10.0,8.0,13.299988,
ADROITINFO,0.5,1.7999992,2.7000008,
ADSL,0.15000153,0.25,15.549988,
ADVANIHOTR,4.049999,10.699982,7.0500183,
ADVENZYMES,3.199997,0.3000002,2.75,
AEGISCHEM,3.699997,1.9500008,0.25000024,
AFFLE,119.05005,5.1499977,6.399994,
AGARIND,4.0,6.599991,0.6000004,
AGCNET,0.0,4.25,2.1500015,
AGRITECH,1.5,85.0,6.800003,
AGROPHOS,0.0,6.300003,5.0,
AHLEAST,5.449997,14.449997,6.399994,
AHLUCONT,10.600006,1.8500023,69.900024,
AHLWEST,19.899994,0.0,3.5,
AIAENG,107.04993,0.0,22.949997,
AIONJSW,0.6000004,7.25,1.6499977,
AIRAN,1.1999998,9.600006,0.0,
AJANTPHARM,36.75,29.899994,4.299999,
AJMERA,3.75,59.69995,5.0,
AKASH,6.5,0.75,19.899994,
AKSHARCHEM,5.5,0.6000004,12.700012,
AKSHOPTFBR,0.5500002,0.049999237,82.75,
AKZOINDIA,129.1001,61.700073,0.8000002,
ALANKIT,0.4499998,6.350006,1.1499996,
ALBERTDAVD,21.200012,0.099999905,34.0,
ALBK,0.34999847,6.0,5.0,
ALCHEM,0.100000024,31.0,7.8499985,
ALEMBICLTD,6.3499985,0.4499998,16.050003,
ALICON,24.299988,79.6001,0.35000038,
ALKALI,9.299999,1.0,61.650024,
ALKEM,96.8501,28.649994,0.95000076,
ALKYLAMINE,32.900024,0.5999985,27.899994,
ALLCARGO,3.5999985,0.099999905,0.95000076,
ALLSEC,6.299988,3.2000008,0.100000024,
ALMONDZ,0.75,31.75,5.25,
ALOKTEXT,0.25,5.25,13.700012,
ALPA,1.2999992,37.25,3.3499985,
ALPHAGEO,13.850006,38.900024,119.25,
ALPSINDUS,0.049999952,4.9000015,33.69995,
AMARAJABAT,12.0,8.600006,4.0,
AMBER,107.0,1.250001,17.899994,
AMBIKCO,16.450012,0.14999986,0.8500004,
AMBUJACEM,5.0,2.1500015,2.0500011,
AMDIND,2.7999992,17.0,11.699997,
AMJLAND,1.4000015,0.100000024,0.099999905,
AMRUTANJAN,18.649994,24.75,27.5,
ANANTRAJ,0.79999924,69.400024,135.0,
ANDHRABANK,0.14999962,18.650024,11.650024,
ANDHRACEMT,0.1500001,5.5,8.25,
ANDHRSUGAR,17.049988,1.8500004,1.5499992,
ANDPAPER,11.0,3.8999996,3.3500004,
ANIKINDS,1.0,17.949982,12.0,
ANKITMETAL,0.099999994,1.3500023,2.0,
ANSALAPI,0.20000029,0.29999924,1.0500011,
ANSALHSG,0.4000001,0.099999905,0.099999905,
ANTGRAPHIC,0.049999952,11.950012,10.600006,
ANUP,48.099976,21.799988,12.600006,
APARINDS,6.450012,0.75,0.5500002,
APCL,7.800003,0.050000012,0.099999994,
APCOTEXIND,5.399994,0.19999981,0.3499999,
APEX,11.700012,0.25,0.25,
APLAPOLLO,32.5,0.049999952,0.049999952,
APLLTD,13.950012,18.0,27.799988,
APOLLO,3.6500015,10.950012,12.75,
APOLLOHOSP,23.899902,10.299988,11.0,
APOLLOPIPE,18.0,6.75,8.25,
APOLLOTYRE,2.300003,35.649994,30.0,
APOLSINHOT,11.0,75.50012,78.69995,
APTECHT,35.300003,21.349976,16.450012,
ARCHIDPLY,1.8500023,4.050003,5.0,
ARCHIES,0.45000076,29.5,42.80005,
ARCOTECH,0.20000005,19.450012,15.0,
ARIES,1.800003,5.399994,6.800003,
ARIHANT,0.8500004,21.849976,15.0,
ARIHANTSUP,2.1999989,7.449997,5.5,
ARMANFIN,18.450012,1.3999996,2.4500008,
AROGRANITE,2.0,0.70000076,0.45000076,
ARROWGREEN,1.25,0.100000024,0.100000024,
ARROWTEX,0.19999981,0.45000076,0.0,
ARSHIYA,1.1499996,2.4500046,2.199997,
ARSSINFRA,1.0499992,1.1499996,1.0,
ARTEMISMED,0.0,0.95000076,1.3500004,
ARVIND,0.79999924,47.599976,20.0,
ARVINDFASN,8.0,2.1500015,2.3500023,
ARVSMART,2.949997,2.0999985,2.4000015,
ASAHIINDIA,6.149994,0.20000076,0.4499998,
ASAHISONG,6.850006,0.5,0.39999962,
ASAL,0.8500023,0.8500004,1.1000004,
ASCOM,0.40000153,0.0,9.950012,
ASHAPURMIN,2.1000023,1.4500008,2.1500015,
ASHIANA,4.6500015,11.450012,10.0,
ASHIMASYN,0.5499997,15.050003,5.800003,
ASHOKA,2.7000046,5.649994,12.799988,
ASHOKLEY,1.2999954,18.899994,9.899994,
ASIANHOTNR,5.949997,1.1000023,1.2499981,
ASIANPAINT,22.849976,1.3500023,0.0,
ASIANTILES,8.0,2.800003,1.9500008,
ASPINWALL,11.0,0.3000002,3.949997,
ASTEC,15.299988,2.75,0.75,
ASTERDM,6.899994,2.699997,3.4000015,
ASTRAL,68.94995,5.9000015,2.4000015,
ASTRAMICRO,9.0,22.900024,3.0,
ASTRAZEN,83.69995,12.75,35.30005,
ASTRON,1.0999985,7.449997,6.149994,
ATFL,23.5,17.850006,9.899994,
ATLANTA,0.3000002,4.0,32.100006,
ATLASCYCLE,2.0,20.0,5.800003,
ATUL,136.2998,7.25,50.0,
ATULAUTO,13.5,57.19995,4.1500015,
AUBANK,36.0,1.0,119.0,
AURIONPRO,2.25,33.950012,1.800003,
AUROPHARMA,7.899994,0.3499999,39.950012,
AUSOMENT,3.5,3.5,0.3000002,
AUTOAXLES,19.799988,78.3999,2.75,
AUTOIND,0.70000076,8.850006,101.1499,
AUTOLITIND,2.3500004,52.849976,9.25,
AVADHSUGAR,16.350006,1.8499985,33.900024,
AVANTIFEED,17.800049,43.799988,1.25,
AVG,0.0,1.5,9.899994,
AVROIND,0.0,40.0,3.7000008,
AVTNPL,1.75,2.4500008,44.950012,
AXISBANK,11.950012,2.75,0.8999996,
AXISCADES,5.9000015,11.099976,1.2999992,
AXISGOLD,36.649902,26.0,9.399994,
AXISNIFTY,13.589966,1.0,25.950012,
AYMSYNTEX,2.0499992,2.2000008,2.25,
BAGFILMS,0.100000024,9.100037,2.0499992,
BAJAJ-AUTO,39.0,4.949997,12.049988,
BAJAJCON,6.0,37.0,3.7000008,
BAJAJELEC,11.350006,11.430054,48.0,
BAJAJFINSV,280.0,1.7000008,19.650024,
BAJAJHIND,0.2999997,0.0,2.8500023,
BAJAJHLDNG,168.0,0.100000024,0.100000024,
BAJFINANCE,228.8999,143.8999,89.94995,
BALAJITELE,3.2999992,3.0,9.25,
BALAMINES,13.25,7.700012,10.899994,
BALAXI,9.099998,346.6504,298.0,
BALKRISHNA,0.54999924,0.19999981,0.25,
BALKRISIND,27.199951,126.30005,150.0,
BALLARPUR,0.050000012,140.1499,86.30029,
BALMLAWRIE,7.0999985,3.0499992,2.5499992,
BALPHARMA,2.9000015,46.299988,46.899994,
BALRAMCHIN,7.400009,8.25,12.849998,
BANARBEADS,1.6500015,1.6000004,1.5499992,
BANARISUG,51.55005,19.949951,35.25,
BANCOINDIA,1.8499985,0.050000012,0.099999964,
BANDHANBNK,20.75,1.5,2.6500015,
BANG,1.8000011,2.75,2.0,
BANKBARODA,0.8499985,7.649994,6.099991,
BANKBEES,2.350006,3.7999992,3.5,
BANKINDIA,1.0,88.0,67.69995,
BANSWRAS,7.199997,2.300003,2.949997,
BARTRONICS,0.0,16.100006,13.75,
BASF,24.849976,1.4500008,2.5500011,
BASML,11.899994,0.0,1.699997,
BATAINDIA,38.0,1.550003,3.850006,
BAYERCROP,60.0,3.600006,3.7999954,
BBL,10.0,1.199997,7.449997,
BBTC,33.650024,8.349998,0.049999952,
BCG,0.39999962,0.049999952,16.0,
BCP,1.5,25.950012,1.949997,
BDL,14.950012,4.449997,45.150024,
BEARDSELL,0.6499996,35.0,47.5,
BEDMUTHA,0.6999998,48.899902,39.700012,
BEL,1.4500046,23.049988,33.849976,
BEML,14.799988,56.549927,0.0,
BEPL,2.8500023,0.5,0.0,
BERGEPAINT,14.099976,0.0,2.0,
BETA,4.25,0.70000076,13.25,
BFINVEST,8.399994,11.899994,0.6499996,
BFUTILITIE,20.149994,0.6999998,0.14999962,
BGLOBAL,0.0,0.10000038,9.099998,
BGRENERGY,3.0999985,3.149994,23.849976,
BHAGERIA,3.899994,16.799988,2.4000015,
BHAGYANGR,1.1500015,2.3499985,17.0,
BHAGYAPROP,0.95000076,16.25,1.3499985,
BHANDARI,0.100000024,7.750004,5.799988,
BHARATFORG,12.900024,11.799988,10.700012,
BHARATGEAR,2.5999985,12.899994,0.100000024,
BHARATRAS,236.0,0.05000007,1.800003,
BHARATWIRE,1.8500004,1.7000008,4.0,
BHARTIARTL,13.149994,8.400002,2.0,
BHEL,1.5,0.8999996,0.45000076,
BIGBLOC,0.25,3.5,0.100000024,
BIL,10.449997,0.100000024,15.75,
BILENERGY,0.050000012,16.799988,4.3499985,
BINDALAGRO,1.3500004,5.6499977,88.299805,
BIOCON,14.899994,58.0,1.1499996,
BIOFILCHEM,0.8499994,1.25,12.399994,
BIRLACABLE,1.5999985,12.799988,2.5499992,
BIRLACORPN,42.0,1.4500008,0.5,
BIRLAMONEY,0.9000015,0.25,6.899994,
BKMINDST,0.050000012,10.300003,0.099999964,
BLBLIMITED,0.4000001,0.050000012,1.0500002,
BLISSGVS,2.350006,0.8499994,8.100006,
BLKASHYAP,0.34999943,6.799988,0.39999962,
BLS,2.199997,1.1000004,2.6500015,
BLUEBLENDS,0.050000012,1.8499985,52.099976,
BLUEDART,182.0,25.75,1.5999985,
BLUESTARCO,55.5,1.25,0.050000012,
BODALCHEM,1.5999985,0.050000012,0.3499999,
BOHRA,0.0,0.2999997,5.349991,
BOMDYEING,7.2000046,2.0999908,0.15000057,
BOROSIL,6.300003,0.45000076,1.9500046,
BOSCHLTD,221.5,2.199997,0.0,
BPCL,10.25,0.050000012,137.30005,
BPL,0.5,98.0,27.900024,
BRFL,0.25,21.900024,1.800003,
BRIGADE,7.0,1.75,5.7999954,
BRITANNIA,55.44995,0.0,6.899994,
BRITANNIA,0.3199997,5.550003,510.0,
BRNL,5.4000015,6.350006,16.550018,
BROOKS,2.6500015,545.0,1.0,
BSE,8.700012,19.350006,0.1500001,
BSELINFRA,0.05000007,1.8500004,19.449997,
BSHSL,2.5,0.20000005,87.75,
BSL,2.3500023,7.849991,0.38000107,
BSLGOLDETF,94.69995,42.25,2.449997,
BSOFT,1.199997,0.3899994,3.0499992,
BURNPUR,0.100000024,5.199997,8.400024,
BUTTERFLY,13.0,8.650002,0.5,
BVCL,0.19999981,11.849976,1.0499992,
BYKE,1.3999996,0.05000007,88.0,
CADILAHC,4.850006,2.0999985,0.9700012,
CADSYS,0.0,1.75,15.550003,
CALSOFT,1.0500002,110.0,0.100000024,
CAMLINFINE,4.5999985,0.69000244,32.399994,
CANBK,4.349991,2.7000046,1.3999996,
CANDC,0.20000005,0.049999952,9.0,
CANFINHOME,23.149994,13.050003,0.75,
CANTABIL,8.550018,0.8500004,4.2999954,
CAPACITE,5.599991,1.1499996,4.950012,
CAPLIPOINT,7.0,8.100006,0.20000005,
CAPTRUST,12.949997,1.0,11.649994,
CARBORUNIV,7.899994,3.0999985,11.600006,
CAREERP,4.9000015,4.550003,4.25,
CARERATING,16.900024,0.0,11.75,
CASTEXTECH,0.050000012,9.700012,6.599991,
CASTROLIND,3.0999908,15.899994,9.700012,
CCHHL,0.20000005,2.5,5.75,
CCL,19.649994,9.950012,12.0,
CDSL,5.799988,9.5,0.099999994,
CEATLTD,13.799988,13.300018,5.649994,
CEBBCO,0.8999996,4.7999954,0.20000005,
CELEBRITY,0.25,16.400024,10.299988,
CELESTIAL,0.05000019,0.099999994,7.700012,
CENTENKA,6.449997,6.550003,23.0,
CENTEXT,0.1500001,0.20000005,0.8000002,
CENTRALBK,1.0,14.399994,0.3499999,
CENTRUM,1.2999992,6.0500183,0.20000005,
CENTUM,19.450012,28.799988,5.5,
CENTURYPLY,3.399994,0.6499996,0.14999986,
CENTURYTEX,22.450012,0.2999997,1.7999992,
CERA,19.5,0.10000014,2.6000004,
CEREBRAINT,0.0,8.299988,19.599976,
CESC,11.600037,0.20000005,3.75,
CESCVENT,9.050018,0.8999996,43.600037,
CGCL,6.849991,3.2999992,49.899902,
CGPOWER,0.5,13.75,0.0,
CHALET,6.049988,2.800003,17.400024,
CHAMBLFERT,6.649994,15.099976,18.850006,
CHEMBOND,12.449997,64.80005,6.850006,
CHEMFAB,9.800003,0.0,0.5,
CHENNPETRO,6.0,26.150024,9.950012,
CHOLAFIN,9.75,23.200012,6.800003,
CHOLAHLDNG,22.950012,14.299988,15.449997,
CHROMATIC,0.100000024,0.79999924,11.899994,
CIGNITITEC,8.899994,16.0,8.600006,
CIMMCO,1.75,11.25,10.049988,
CINELINE,1.5,20.949997,7.949951,
CINEVISTA,0.39999962,9.550003,0.0,
CIPLA,7.049988,6.75,9.899994,
CKFSL,0.049999982,5.5,3.0,
CLEDUCATE,4.5499954,19.25,1.7999992,
CLNINDIA,8.25,0.099999964,0.6500001,
CMICABLES,2.6000023,3.5,11.850006,
CMMIPL,0.0,1.5,0.050000012,
CNOVAPETRO,0.4000001,1.5,2.4000015,
COALINDIA,5.0,0.3499999,12.900024,
COCHINSHIP,15.949982,14.649994,2.0499992,
COFFEEDAY,2.5,0.050000012,0.0,
COLPAL,22.75,3.0,0.0,
COMPINFO,1.8999996,17.450012,9.449997,
COMPUSOFT,0.20000029,1.5499992,16.75,
CONCOR,11.450012,0.0,3.1499977,
CONFIPET,3.6000004,0.3499999,70.55005,
CONSOFINVT,1.0999985,4.850006,1.1999998,
CONTI,2.199997,16.799988,0.35000038,
CONTROLPR,24.300003,1.2999992,15.75,
CORALFINAC,0.39999962,122.30005,1.0,
CORDSCABLE,5.299999,1.75,4.200001,
COROMANDEL,11.700012,0.1500001,2.0999985,
CORPBANK,0.25,16.150024,9.950012,
COSMOFILMS,4.75,0.6500015,0.5500002,
COUNCODOS,0.100000024,5.3499985,7.9000015,
COX&KINGS,0.05000007,2.0,29.450012,
CPSEETF,0.30000114,9.0,1.2999992,
CREATIVE,7.800003,0.25,5.350006,
CREATIVEYE,0.0,3.75,0.05000007,
CREDITACC,31.400024,28.450012,0.050000012,
CREST,8.75,1.25,1.0,
CRISIL,63.80005,10.899994,0.0,
CROMPTON,8.299988,0.05000007,0.0,
CSBBANK,7.0,0.049999952,33.450012,
CTE,1.6499996,0.32999992,9.400002,
CUB,7.25,8.800003,55.44995,
CUBEXTUB,0.19999981,55.150024,24.799988,
CUMMINSIND,58.799988,12.050003,7.300003,
CUPID,8.0,79.650024,1.25,
CYBERMEDIA,0.0,13.0,5.550003,
CYBERTECH,1.0999985,7.25,1.6499996,
CYIENT,11.850006,1.1000004,23.25,
DAAWAT,1.0499992,5.100006,8.5,
DABUR,6.799988,2.0,0.0,
DALBHARAT,58.950012,20.850037,2.1500015,
DALMIASUG,4.300003,13.199997,10.549988,
DAMODARIND,1.3500004,0.0,1.3000011,
DANGEE,0.0,1.199997,23.400024,
DATAMATICS,3.7000046,6.200012,24.049988,
DBCORP,2.550003,1.7000008,9.950005,
DBL,9.899994,24.050018,1.8000011,
DBREALTY,0.5500002,26.0,3.050003,
DBSTOCKBRO,0.0,5.1500015,2.699997,
DCAL,5.399994,1.3999996,12.299988,
DCBBANK,7.0,8.0,0.6999998,
DCM,1.75,3.699997,0.0,
DCMFINSERV,0.0,7.6999817,4.8499985,
DCMNVL,2.4000015,0.8999996,7.300003,
DCMSHRIRAM,19.049988,0.0,0.25,
DCW,0.5999994,5.3499985,1.8500004,
DECCANCE,10.5,8.149994,1.5,
DEEPAKFERT,6.3499985,0.0,11.75,
DEEPAKNTR,7.350006,2.0499992,0.40000057,
DEEPIND,3.050003,3.3500023,14.399994,
DELTACORP,5.050003,12.549988,4.2999954,
DELTAMAGNT,2.7000008,0.75,21.450012,
DEN,3.4500008,17.0,3.9000015,
DENORA,9.5,5.5499954,10.299988,
DEVIT,2.100006,9.700012,2.9000015,
DFMFOODS,28.899994,7.0,1.75,
DGCONTENT,0.20000029,10.5,5.949997,
DHAMPURSUG,11.350006,1.9000015,0.05000305,
DHANBANK,0.5500002,1.6500015,18.399994,
DHANUKA,51.850006,9.850006,0.5,
DHARSUGAR,0.5499997,2.800003,10.399994,
DHFL,0.8499994,19.050018,0.29999924,
DHFL,0.0,0.4499998,54.650024,
DHFL,10.0,8.600006,0.39999962,
DHFL,15.0,0.45000076,0.35000038,
DHFL,1.0,32.400024,0.009994507,
DHFL,15.0,0.4500003,13.0,
DHFL,25.059998,0.29999924,20.0,
DHFL,2.0,5.0,23.0,
DHFL,0.1000061,10.0,15.5,
DHFL,3.0,12.410004,24.450012,
DHFL,0.0,0.0,0.049999952,
DHUNINV,23.899994,0.0,5.299988,
DIAMONDYD,23.650024,34.0,0.25,
DIAPOWER,0.099999964,7.800003,0.050000012,
DICIND,24.75,19.0,0.6499996,
DIGISPICE,0.3499999,0.099999964,36.0,
DIGJAMLTD,0.100000024,14.800018,259.9502,
DISHTV,1.3499994,0.4499998,8.499985,
DIVISLAB,58.349976,0.100000024,5.4000015,
DIXON,247.5503,1.75,84.05005,
DLF,5.149994,39.25,0.099999994,
DLINKINDIA,3.5,428.0,2.4000015,
DMART,56.25,6.800003,9.949997,
DNAMEDIA,0.049999982,4.449997,0.95000076,
DOLAT,2.7000008,86.19995,0.0,
DOLLAR,7.099991,0.099999994,0.6499996,
DONEAR,1.5,3.2000008,5.0,
DPSCLTD,0.5500002,6.800003,0.0,
DPWIRES,4.4000015,1.1499996,13.5,
DQE,0.0,0.24999952,89.75,
DREDGECORP,8.700012,4.4000015,0.0,
DRREDDY,102.65015,0.0,1.8500004,
DSML,0.05000019,6.5500183,6.549988,
DSSL,1.6000004,51.44995,0.4499998,
DTIL,4.199997,0.8500004,2.3499985,
DUCON,0.3000002,5.599991,1.5499992,
DVL,2.6500015,0.25,41.150024,
DWARKESH,2.5,2.050003,9.649994,
DYNAMATECH,62.700012,1.7000008,1.0,
DYNPRO,6.949997,46.799988,0.100000024,
E2E,0.0,7.949997,0.099999905,
EASTSILK,0.100000024,0.20000076,1.3499756,
EASUNREYRL,0.1500001,0.099999964,1.2399902,
EBBETF0423,0.89001465,0.19999981,44.849976,
EBBETF0430,1.8200073,1.2700195,10.400024,
EC2RG,0.1500001,1.6500244,0.0,
ECLERX,15.099976,47.400024,7.950012,
ECLFINANCE,12.5,9.799988,0.0,
ECLFINANCE,27.0,0.0,0.0,
ECLFINANCE,6.0,0.0,10.0,
ECLFINANCE,10.0,8.950012,59.900024,
ECLFINANCE,30.0,0.0,19.950012,
ECLFINANCE,11.0,0.0,20.0,
ECLFINANCE,57.0,26.0,0.0,
ECLFINANCE,84.900024,8.98999,25.890015,
ECLFINANCE,0.0,24.900024,108.98999,
ECLFINANCE,0.0,0.0,0.0,
ECLFINANCE,0.0,0.0,55.0,
ECLFINANCE,0.0,0.0,12.01001,
ECLFINANCE,0.0,21.0,17.0,
ECLFINANCE,110.0,54.0,0.0,
ECLFINANCE,13.97998,16.0,3.25,
ECLFINANCE,6.0,30.0,0.20000005,
ECLFINANCE,39.0,96.109985,0.100000024,
ECLFINANCE,24.0,19.900024,0.0,
EDELWEISS,4.300003,0.0,10.0,
EDL,0.20000005,6.0999985,45.099976,
EDUCOMP,0.100000024,0.29999995,430.69922,
EHFLNCD,3.0100098,0.100000024,8.900009,
EICHERMOT,1136.0,29.0,0.30000305,
EIDPARRY,5.899994,380.0,21.75,
EIFFL,0.5,7.599991,3.5,
EIHAHOTELS,7.5500183,0.34999847,16.75,
EIHOTEL,2.25,7.100006,1.4000015,
EIMCOELECO,15.099976,5.600006,5.9000015,
EKC,1.0,17.0,0.8500004,
ELECON,1.2000008,1.2999992,13.300003,
ELECTCAST,0.75,1.1500015,8.299988,
ELECTHERM,2.0,0.39999962,1.1999989,
ELGIEQUIP,8.550003,6.0,16.0,
ELGIRUBCO,0.79999924,6.799988,0.0,
EMAMILTD,8.350006,1.2999992,0.0,
EMAMIPAP,0.0,21.199982,6.75,
EMAMIREAL,1.1000061,0.0,0.049999952,
EMBASSY,7.0700073,3.0,5.6500015,
EMCO,0.099999964,3.8900146,7.699997,
EMKAY,3.5499954,0.0,0.03999996,
EMKAYTOOLS,0.0,3.2000008,0.07000065,
EMMBI,2.4000015,4.25,38.5,
EMOFSR1RDP,0.020000458,0.26000023,0.3000002,
EMOFSR1RGG,0.11000061,0.19999981,5.9000015,
ENDURANCE,59.75,57.0,6.150009,
ENERGYDEV,0.19999981,0.25,0.8000002,
ENGINERSIN,2.9000015,2.2000046,0.0,
ENIL,11.099991,12.350006,12.549995,
EON,0.54999924,1.0500002,49.98999,
EQ30,10.899994,8.0,0.0,
EQUITAS,3.300003,3.5999985,100.0,
ERFLNCDI,18.0,0.0,0.0,
ERFLNCDI,9.799988,39.900024,0.0,
ERFLNCDI,0.0,0.0,16.900024,
ERFLNCDI,8.01001,125.0,0.6999998,
ERIS,45.49997,20.029968,69.900024,
EROSMEDIA,0.35000038,0.0,23.5,
ESABINDIA,94.80005,24.0,0.5999999,
ESCORTS,30.799988,0.39999962,10.899994,
ESSARSHPNG,0.5500002,56.5,2.6499977,
ESSELPACK,10.849991,77.400024,0.100000024,
ESTER,0.8999977,0.25,0.100000024,
EUROCERA,0.050000012,5.849991,0.0,
EUROMULTI,0.100000024,2.2000008,3.1499977,
EUROTEXIND,0.35000038,0.0,15.549988,
EVEREADY,1.0499992,0.0,0.100000024,
EVERESTIND,18.5,0.4499998,53.0,
EXCEL,0.100000024,5.4000015,5.699997,
EXCELINDUS,16.900024,13.25,19.649994,
EXIDEIND,3.199997,0.100000024,1.0,
EXPLEOSOL,15.399994,50.200012,8.899994,
FACT,2.7000008,5.200012,0.70000076,
FAIRCHEM,23.799988,20.700012,1.5,
FCL,0.79999924,1.949997,0.049999997,
FCONSUMER,0.70000076,18.950012,14.949997,
FCSSOFT,0.049999997,1.3500004,3.0,
FDC,3.5,1.1499996,0.8999996,
FEDERALBNK,1.7999954,0.049999997,1.0499992,
FEL,0.9000015,5.0,24.049988,
FELDVR,0.95000076,3.7000046,1.0,
FIEMIND,11.100006,1.25,13.850006,
FILATEX,0.54999924,1.0,76.19995,
FINCABLES,14.799988,15.0,12.25,
FINEORG,164.6001,2.4500008,0.5,
FINPIPE,23.900024,8.950012,10.5,
FLEXITUFF,0.6500001,93.19995,16.0,
FLFL,5.350006,7.950012,11.5,
FLUOROCHEM,21.700012,0.4000001,1.3500004,
FMGOETZE,21.149963,10.149994,58.0,
FMNL,2.5499992,10.200012,6.25,
FOCUS,0.0,19.25,85.80005,
FORCEMOT,56.150024,1.4499989,0.0,
FORTIS,2.1500092,0.0,9.399994,
FOSECOIND,83.650024,92.75,11.950012,
FOURTHDIM,0.0,2.5999908,2.4500008,
FRETAIL,11.799988,104.75,5.0999985,
FSC,5.950012,0.0,9.100006,
FSL,2.1500015,8.050018,5.0,
GABRIEL,3.399994,18.350006,0.099999905,
GAEL,18.199997,2.0499992,57.899902,
GAIL,3.2500076,3.5999985,1.7999992,
GAL,0.1500001,8.5,2.9000015,
GALAXYSURF,44.900024,3.75,0.050000012,
GALLANTT,3.25,0.1500001,10.899994,
GALLISPAT,0.70000076,79.0,10.0,
GAMMNINFRA,0.050000012,1.8999996,2.9000015,
GANDHITUBE,7.899994,0.80000114,3.6499977,
GANECOS,7.5,0.050000012,0.0,
GANESHHOUC,3.6500015,3.0,0.75,
GANGESSECU,3.2999992,12.549988,70.1499,
GANGOTRI,0.049999952,2.3499985,1.0,
GARDENSILK,0.8999996,3.2999992,0.050000012,
GARFIBRES,77.400024,0.049999952,3.7999992,
GATI,2.1500015,0.6999998,4.350006,
GAYAHWS,0.050000012,96.19995,2.100006,
GAYAPROJ,0.0,1.0,0.0,
GDL,7.449997,0.050000012,1.6500015,
GEECEE,9.049995,0.0,0.39999962,
GEEKAYWIRE,0.0,4.0,0.79999924,
GENESYS,1.9000015,2.75,0.80000114,
GENUSPAPER,0.5499997,5.299999,12.25,
GENUSPOWER,1.1499996,0.8000002,18.700012,
GEOJITFSL,0.70000076,0.8999996,8.5,
GEPIL,23.349976,0.79999924,8.899994,
GESHIP,13.200012,28.950012,6.300003,
GET&D,6.0,10.650024,2.75,
GFLLIMITED,0.0,16.649994,6.950012,
GHCL,3.850006,13.899994,2.1999989,
GICHSGFIN,2.699997,4.899994,34.5,
GICRE,9.75,2.5,0.8000002,
GILLANDERS,2.5,10.649994,2.5999985,
GILLETTE,35.25,2.0,4.0,
GINNIFILA,0.54999924,34.450195,39.0,
GIPCL,2.800003,0.4499998,16.100006,
GKWLIMITED,8.400024,3.0999985,0.0,
GLAXO,63.30005,38.950012,4.6000023,
GLENMARK,11.75,44.399902,0.2999997,
GLFL,0.0,19.300018,3.850006,
GLOBALVECT,4.6000023,0.0,11.800018,
GLOBOFFS,0.2999997,3.5499992,2.0,
GLOBUSSPR,8.800003,0.3000002,89.6499,
GMBREW,12.100006,8.300003,1.0500011,
GMDCLTD,1.4000015,14.150024,10.450012,
GMMPFAUDLR,73.0,2.0999985,4.399994,
GMRINFRA,0.34999847,84.0,16.100006,
GNA,6.599991,0.9000015,13.950012,
GNFC,6.550003,8.350006,64.349976,
GOACARBON,10.25,10.0,0.0,
GOCLCORP,7.850006,4.899994,13.900024,
GODFRYPHLP,162.0,23.450012,14.899963,
GODREJAGRO,15.150024,87.900024,15.399994,
GODREJCP,34.75,0.0,28.099976,
GODREJIND,16.049988,15.849976,0.050000012,
GODREJPROP,41.94995,53.200012,3.4000015,
GOENKA,0.050000012,10.900024,0.6499996,
GOKEX,2.7000046,52.349976,1.1000004,
GOKUL,0.6499996,0.050000012,0.20000076,
GOKULAGRO,1.1499996,2.75,1.1000004,
GOLDBEES,1.0,0.40000057,23.699997,
GOLDENTOBC,0.95000076,0.8499994,24.849854,
GOLDIAM,8.899994,0.27000046,0.0,
GOLDSHARE,51.0,1.25,0.8000002,
GOLDTECH,1.0500002,6.699997,3.2000008,
GOODLUCK,1.9000015,55.850098,11.649994,
GPIL,11.0,0.75,2.899994,
GPPL,2.5999985,2.449997,2.6500015,
GPTINFRA,1.6500015,7.0,2.5,
GRANULES,3.850006,3.9000015,8.0,
GRAPHITE,6.0,4.3499985,22.400024,
GRASIM,22.849976,7.75,4.5999985,
GRAVITA,4.700001,6.9499817,3.9000092,
GREAVESCOT,5.949997,21.75,41.5,
GREENLAM,32.450012,4.1500015,3.300003,
GREENPANEL,1.3500023,3.199997,9.75,
GREENPLY,4.199997,55.44995,0.049999952,
GREENPOWER,0.100000024,3.25,14.0,
GRINDWELL,22.850037,5.649994,9.950012,
GROBTEA,20.0,0.100000024,89.0,
GRPLTD,68.95001,14.900024,5.75,
GRSE,7.449997,38.75,1.2000008,
GSCLCEMENT,0.79999924,118.95001,4.0,
GSFC,2.75,6.100006,195.05078,
GSKCONS,91.84961,1.2000008,11.400009,
GSPL,4.799988,3.0,3.9000015,
GSS,2.8499985,103.549805,0.100000024,
GTL,0.100000024,14.75,0.049999982,
GTLINFRA,0.099999994,1.699997,0.0,
GTNIND,0.8499999,0.100000024,2.3499985,
GTNTEX,0.0,0.049999982,3.8499985,
GTPL,1.5,0.6999998,19.350006,
GUFICBIO,3.75,1.1500015,3.6500015,
GUJALKALI,14.0,2.4999962,8.699982,
GUJAPOLLO,3.9000015,11.75,0.5500002,
GUJGASLTD,10.699982,5.199997,7.049988,
GUJRAFFIA,0.0,10.850006,4.0,
GULFOILLUB,10.049988,0.0,3.0499992,
GULFPETRO,4.25,7.5,0.25,
GULPOLY,4.8999977,3.7999992,26.950012,
GVKPIL,0.25,3.9000015,39.649963,
HAL,34.200012,0.2999997,3.4500008,
HARITASEAT,17.900024,53.650024,0.6499996,
HARRMALAYA,1.9500046,22.799988,12.049988,
HATHWAY,0.5,3.7000046,13.599976,
HATSUN,19.200012,0.6000004,0.050000012,
HAVELLS,9.599976,28.950012,0.5999985,
HAVISHA,0.050000012,13.25,0.3000002,
HBLPOWER,0.44999886,0.0,3.75,
HCC,0.4499998,0.80000114,0.1500001,
HCG,8.349998,0.0,19.300049,
HCL-INSYS,0.25,0.54999924,30.25,
HCLTECH,9.299988,5.0,34.0,
HDFC,47.5,0.4499998,17.550049,
HDFCAMC,42.0,10.199951,7.1500244,
HDFCBANK,19.75,41.80005,20.850098,
HDFCLIFE,8.75,46.149902,14.560059,
HDFCMFGETF,24.0,21.75,109.0,
HDFCNIFETF,10.160034,11.399963,0.1500001,
HDFCSENETF,12.25,39.94995,31.700073,
HDIL,0.19999981,7.540039,5.050003,
HEG,31.849976,108.0,3.5999985,
HEIDELBERG,3.75,0.1500001,20.350006,
HEOF1100RG,0.0,27.350098,29.849854,
HERCULES,4.4000015,6.899994,26.399902,
HERITGFOOD,14.149994,0.06000042,0.8500004,
HEROMOTOCO,40.0,4.300003,9.0,
HESTERBIO,21.949951,29.0,0.25,
HEXATRADEX,1.1999998,58.0,13.0,
HEXAWARE,11.850006,44.900024,17.950012,
HFCL,0.30000114,1.25,0.15999985,
HGINFRA,6.850006,12.200012,5.6500015,
HGS,19.25,0.20000076,88.30005,
HHOF1140RG,0.15999985,16.40001,0.5,
HIKAL,4.5,13.900024,3.949997,
HIL,36.0,0.34999943,6.899994,
HILTON,1.1000004,5.2000046,12.0,
HIMATSEIDE,2.3499908,39.0,1.6000023,
HINDALCO,3.2999878,1.1500006,0.099999905,
HINDCOMPOS,14.0,4.600006,0.15000153,
HINDCOPPER,1.199997,5.050003,2.5,
HINDMOTORS,0.14999962,8.0,10.799988,
HINDNATGLS,1.4500008,1.5,0.0,
HINDOILEXP,1.699997,0.14999962,48.19995,
HINDPETRO,6.899994,0.049999237,3.050003,
HINDSYNTEX,0.0,3.0499954,10.000015,
HINDUNILVR,23.75,8.75,3.9000015,
HINDZINC,4.75,0.0,8.0,
HIRECT,17.100006,28.550049,3.4000015,
HISARMETAL,5.8499985,6.25,6.899994,
HITECH,12.0,14.949997,0.25,
HITECHCORP,10.75,7.25,0.75,
HITECHGEAR,5.300003,3.0,2.300003,
HLVLTD,0.1500001,1.4000015,47.450012,
HMT,0.35000038,14.849991,29.700012,
HMVL,6.4500046,0.099999905,505.75,
HNDFDS,22.5,1.0,37.849976,
HNGSNGBEES,18.769989,3.25,2.8999977,
HONAUT,360.05078,37.900024,0.19999695,
HONDAPOWER,57.599976,15.5,2.3500023,
HOVS,1.75,319.3496,3.25,
HPIL,0.6500015,45.05005,1.5499992,
HPL,1.4500008,1.6500015,0.6000004,
HSCL,1.5999985,1.0,0.35000038,
HSIL,2.2000008,1.7999992,1.3999977,
HTMEDIA,0.19999886,2.300003,9.349976,
HUBTOWN,0.5999994,2.1000023,0.0,
HUDCO,1.0499992,0.49999905,2.9899902,
HUDCO,0.25,0.40000057,39.0,
HUDCO,1.0100098,1.5499992,17.880005,
HUDCO,19.0,0.060058594,3.1500015,
HUDCO,7.5,0.0,3.3499985,
HUDCO,0.0,0.0,0.0,
HUDCO,0.099975586,22.97998,0.0,
HUDCO,7.98999,12.849976,30.900024,
IBMFNIFTY,4.75,23.699951,9.5,
IBREALEST,10.050003,17.699951,54.799988,
IBUCCREDIT,0.0,6.0,0.0,
IBUCCREDIT,0.0,4.449997,15.0,
IBUCCREDIT,0.0,0.2999878,7.25,
IBULHSGFIN,14.699982,0.0,2.449997,
IBULHSGFIN,7.0,139.20001,7.850006,
IBULHSGFIN,0.0,30.0,0.0,
IBULHSGFIN,0.0,13.75,5.0,
IBULISL,8.25,0.0,27.900024,
IBVENTURES,3.0999985,0.0,0.0,
IBVENTURES,3.75,35.0,0.0,
ICFL,1.9000244,4.8499985,0.0,
ICFL,22.0,3.1500015,0.9700012,
ICFL,0.0,7.699997,0.7599983,
ICFL,73.0,0.0,10.349976,
ICFL,0.0,23.400024,3.5,
ICFL,3.0,11.0,2.300003,
ICFL,25.0,0.0,24.0,
ICFL,1.0499878,0.0,1.1899986,
ICICI500,3.9600067,1.1399994,0.049987793,
ICICIB22,0.49000168,0.7200012,4.699997,
ICICIBANK,9.5,9.799988,2.5699997,
ICICIBANKN,6.049988,2.5499878,1.1200027,
ICICIBANKP,1.5700073,2.0,1.2400055,
ICICIGI,26.449951,32.700073,1.75,
ICICIGOLD,1.0499992,3.25,2.2000008,
ICICILIQ,0.049987793,0.049987793,0.42000008,
ICICILOVOL,0.8500061,6.739998,17.99997,
ICICIM150,7.8499985,5.260002,11.0,
ICICIMCAP,1.300003,1.1000061,1.5499992,
ICICINF100,1.1699982,0.94999695,44.899902,
ICICINIFTY,6.3399963,5.489998,0.80000305,
ICICINV20,0.91999817,1.8400002,18.0,
ICICINXT50,1.1300011,1.5,0.3499999,
ICICIPRULI,13.199951,14.950012,1.300003,
ICICISENSX,5.1099854,2.7099915,1.2000008,
ICIL,2.0499992,2.4500008,47.049805,
ICRA,95.0,87.3999,149.0,
IDBI,1.199997,0.69999695,0.009765625,
IDBIGOLD,42.399902,37.80005,0.0,
IDEA,0.5499997,0.5999999,10.0,
IDFC,0.29999924,3.5499992,0.0,
IDFCFIRSTB,1.25,2.7999992,10.0,
IDFCFIRSTB,4.1000977,22.990234,9.949997,
IDFCFIRSTB,15.0,117.88965,14.850006,
IDFCFIRSTB,0.0,0.0,16.549988,
IDFCFIRSTB,44.0,159.0,33.25,
IDFCFIRSTB,25.990234,42.990234,0.14999962,
IDFNIFTYET,6.9000015,39.0,7.0,
IEX,5.850006,0.0,11.049988,
IFBAGRO,27.950012,38.600098,0.0,
IFBIND,46.0,5.0,10.699997,
IFCI,0.099999905,74.990234,16.100006,
IFCI,2.0,0.0,15.7499695,
IFCI,1.0900269,8.150009,7.5,
IFCI,0.0,17.149994,0.4000244,
IFGLEXPOR,6.5,26.950012,8.300003,
IGARASHI,16.850006,0.14999962,2.0,
IGL,9.0,4.48999,80.0,
IGPL,9.299988,3.0,1.2000122,
IIFCL,10.0,3.6500092,7.0,
IIFL,6.600006,7.649994,21.0,
IIFLFIN,0.0,17.699982,0.0,
IIFLFIN,0.0,14.799988,2.6499977,
IIFLFIN,5.0999756,14.0,37.400024,
IIFLFIN,0.0,6.0,1.0,
IIFLFIN,0.0,40.0,0.5999985,
IIFLFIN,11.900024,2.5,0.100000024,
IIFLFIN,0.0,0.0,0.100000024,
IIFLFIN,0.0,33.0,8.849991,
IIFLFIN,0.099975586,0.0,7.950012,
IIFLSEC,3.9500008,0.0,0.050000012,
IIFLWAM,27.050049,0.0,0.79999924,
IIHFL,2.5499878,3.6500015,4.75,
IIHFL,2.0,69.44995,2.6500015,
IITL,1.4500008,0.0,15.549988,
IL&FSENGG,0.100000024,0.0,73.0,
IL&FSTRANS,0.100000024,0.100000024,4.550003,
IMFA,14.450012,0.099999905,7.949997,
IMPAL,19.0,9.800003,26.899994,
IMPEXFERRO,0.050000012,13.150024,55.94995,
INDBANK,0.9499998,0.050000012,0.33999634,
INDHOTEL,2.850006,0.5999999,2.0,
INDIACEM,2.2000046,2.800003,16.850006,
INDIAGLYCO,14.600006,3.5499954,12.25,
INDIAMART,38.44995,12.450012,0.55000114,
INDIANB,1.8999939,66.8999,0.100000024,
INDIANCARD,0.5,1.800003,16.950012,
INDIANHUME,6.600006,11.300003,1.949997,
INDIGO,43.799927,16.15001,1.1499996,
INDIGRID,0.6800003,51.94995,0.19999981,
INDLMETER,0.0,0.40000153,1.050003,
INDNIPPON,12.149994,1.8999996,0.35000038,
INDOCO,15.0,26.0,0.29999995,
INDORAMA,0.39999962,7.25,2.5999985,
INDOSOLAR,0.050000012,0.19999886,29.5,
INDOSTAR,18.25,0.050000012,17.049988,
INDOTECH,2.949997,13.0,2.2000008,
INDOTHAI,0.8999996,1.75,6.6500015,
INDOWIND,0.20000005,1.25,4.9599915,
INDRAMEDCO,5.549999,0.19999981,10.100006,
INDSWFTLAB,0.55000114,2.050003,13.350037,
INDSWFTLTD,0.25,0.6499996,15.400024,
INDTERRAIN,9.400002,0.29999995,5.1500015,
INDUSINDBK,25.699951,3.3499985,0.0,
INEOSSTYRO,39.0,32.44995,10.800018,
INFIBEAM,5.5,25.75,3.3499985,
INFOBEAN,7.5999985,2.0,23.849976,
INFRABEES,0.0,5.2999954,3.0999985,
INFRATEL,8.549988,6.3099976,0.0,
INFY,8.549988,8.300003,3.350006,
INGERRAND,14.049988,11.700012,1.2999992,
INNOVANA,1.199997,16.349976,0.5,
INOXLEISUR,4.600006,4.4000015,0.25,
INOXWIND,2.0499992,0.0,5.9500046,
INSECTICID,33.849976,11.0,9.899994,
INSPIRISYS,2.6500015,1.7000008,48.150024,
INTEGRA,0.099999964,24.75,7.9000015,
INTELLECT,2.949997,1.9500008,0.54999924,
INTENTECH,2.8500004,0.100000024,19.549988,
INVENTURE,0.79999924,4.5,88.94995,
IOB,0.40000057,3.2999992,0.0,
IOC,2.149994,0.6999998,7.0,
IOLCP,7.399994,0.40000057,3.0,
IPCALAB,29.900024,3.75,0.0,
IRB,2.75,7.399994,7.0,
IRBINVIT,0.73999786,53.099976,0.0,
IRCON,36.0,7.0499954,1.8000488,
IRCTC,66.400024,0.7400017,4.0,
IREDA,5.0,26.25,18.299988,
IREDA,5.0,47.94995,8.700005,
IRFC,1.0,0.0,0.19999981,
IRFC,3.9499512,0.0,4.349991,
IRFC,0.0,2.0,8.950012,
IRFC,0.0,0.0,3.5,
IRFC,21.400024,59.98999,3.3499985,
IRFC,1.0,9.0,0.1500001,
IRFC,0.0,11.98999,2.75,
IRFC,1.4100342,7.0,0.0,
IRFC,0.0,0.11999512,25.900024,
ISEC,15.350006,0.0,1.3499985,
ISFT,1.5499954,24.700012,0.69999886,
ISMTLTD,0.25,7.4000015,2.6500015,
ITC,6.5,0.20000029,1.75,
ITDC,6.899994,4.0,2.3999996,
ITDCEM,2.7999992,9.600006,4.550003,
ITI,6.050003,3.5499992,0.0,
IVC,0.10000014,2.0999985,0.0,
IVP,1.7000008,0.1500001,2.2000008,
IVZINNIFTY,0.0,3.6000023,5.849991,
IZMO,0.70000076,34.0,6.0,
J&KBANK,0.6000004,28.0,8.199997,
JAGRAN,1.6000061,1.4500008,0.1500001,
JAGSNPHARM,1.7000008,0.5,2.6000023,
JAIBALAJI,5.0,1.800003,13.950012,
JAICORPLTD,3.75,1.0,0.6500006,
JAKHARIA,0.0,1.1000004,8.599991,
JALAN,0.0,3.550003,55.44995,
JAMNAAUTO,0.95000076,0.0,0.0,
JASH,8.800003,0.0,1.1999998,
JAYAGROGN,4.699997,0.0,0.050000012,
JAYBARMARU,7.949997,0.0,1.2999992,
JAYNECOIND,0.35000014,1.5999985,13.75,
JAYSREETEA,2.1000023,5.899994,4.6500015,
JBCHEPHARM,25.5,5.4000015,5.699997,
JBFIND,0.0,9.0,0.05000007,
JBMA,9.550003,0.25000024,8.449997,
JCHAC,69.0,2.0,1.9500008,
JETAIRWAYS,3.1499977,7.850006,0.5999999,
JHS,0.6499996,0.0,0.5500002,
JIKIND,0.099999994,7.0,0.9000006,
JINDALPHOT,1.3500004,75.1001,1.0,
JINDALPOLY,10.649994,0.0,28.0,
JINDALSAW,2.5999985,0.5500002,5.599991,
JINDALSTEL,10.399994,0.099999994,13.899994,
JINDCOT,0.099999905,0.8499994,3.449997,
JINDRILL,7.4000015,13.350006,3.75,
JINDWORLD,4.3499985,3.0499954,2.9500008,
JISLDVREQS,0.4000001,9.549988,2.6500015,
JISLJALEQS,0.4499998,0.0,5.2000046,
JITFINFRA,0.8000002,8.199997,0.049999952,
JIYAECO,1.9499989,2.300003,7.5999985,
JKCEMENT,34.05005,0.4500003,0.100000024,
JKIL,2.949997,0.4000001,0.049999952,
JKLAKSHMI,21.75,0.8999996,0.0,
JKPAPER,2.5,2.25,0.049999952,
JKTYRE,2.1500015,30.0,3.1500015,
JMA,1.0,4.149994,4.399994,
JMCPROJECT,1.5499954,16.5,2.0000038,
JMFINANCIL,4.0499954,3.699997,28.0,
JMTAUTOLTD,0.05000007,8.5,9.899994,
JOCIL,4.25,2.3999996,0.049999952,
JPASSOCIAT,0.049999952,2.5499954,4.800003,
JPINFRATEC,0.049999952,4.3499985,39.700012,
JPOLYINVST,0.6000004,0.0,83.80005,
JPPOWER,0.049999952,7.8499985,0.0,
JSL,1.25,0.099999905,2.5999985,
JSLHISAR,1.8999939,0.100000024,4.75,
JSWENERGY,2.2000046,0.10000014,28.600037,
JSWHL,153.25,2.5,0.050000012,
JSWSTEEL,6.3000183,3.3499985,4.199997,
JSWSTEEL,0.049999952,2.1500015,3.9500046,
JTEKTINDIA,2.3499985,98.80005,12.099976,
JUBILANT,20.150024,6.850006,15.550003,
JUBLFOOD,57.80005,0.049999952,12.0,
JUBLINDS,6.350006,5.9000015,8.399994,
JUMPNET,1.5,18.549988,0.75,
JUNIORBEES,2.850006,69.94995,6.449997,
JUSTDIAL,16.200012,8.899994,0.3000002,
JVLAGRO,0.050000012,3.6500015,1.5,
JYOTHYLAB,6.550003,7.430023,23.100006,
KABRAEXTRU,4.25,22.900024,1.1000061,
KAJARIACER,14.350037,0.050000012,1.1999998,
KAKATCEM,17.25,5.0,2.2000008,
KALPATPOWR,7.100006,3.800003,0.050000012,
KALYANIFRG,4.799988,7.5,34.80002,
KAMATHOTEL,1.7000008,21.300003,2.0999985,
KAMDHENU,3.75,21.25,1.1000004,
KANANIIND,0.3000002,7.949997,37.0,
KANORICHEM,1.3500023,2.3499985,22.5,
KANSAINER,5.0,2.949997,1.1500015,
KARDA,1.949997,0.29999995,18.849976,
KARMAENG,1.0999994,1.0999985,1.8999996,
KARURVYSYA,3.0499992,13.400024,35.900024,
KAUSHALYA,0.050000012,21.0,1.0,
KAVVERITEL,0.0,1.699997,1.25,
KAYA,32.399994,0.05000019,0.10000229,
KCP,3.1500015,3.7000008,0.099999994,
KCPSUGIND,0.8000002,0.099999994,8.149994,
KDDL,23.099976,0.05000007,0.29999924,
KEC,9.800018,25.799988,2.9499989,
KECL,0.5999985,2.7000046,35.650024,
KEI,25.400024,0.75,3.5999985,
KELLTONTEC,2.1499996,9.800018,15.0,
KENNAMET,36.150024,11.5,4.050003,
KERNEX,0.95000076,1.8000011,16.899994,
KESORAMIND,1.0499992,12.799988,2.199997,
KEYFINSERV,0.0,2.0,9.699997,
KGL,0.099999994,33.05005,7.050003,
KHADIM,4.0,0.95000076,45.350037,
KHAITANLTD,1.0,1.7000008,3.75,
KHFM,0.0,0.0,25.0,
KICL,33.0,0.099999994,0.35000038,
KILITCH,2.0999985,4.950012,12.399994,
KINGFA,21.75,0.79999924,0.40000057,
KIOCL,7.5999985,0.14999962,3.75,
KIRIINDUS,7.0,47.0,9.399994,
KIRLFER,2.899994,8.200005,1.75,
KIRLOSBROS,5.600006,42.950012,45.849976,
KIRLOSENG,5.700012,4.9000015,6.299988,
KIRLOSIND,28.0,18.399994,3.5499878,
KITEX,4.800003,2.800003,1.550003,
KKCL,139.0,6.349991,2.0,
KMSUGAR,0.4499998,5.199997,5.4900055,
KNRCON,10.899994,83.45001,0.9499998,
KOHINOOR,0.4499998,7.0,1.1999989,
KOKUYOCMLN,4.75,22.799988,3.050003,
KOLTEPATIL,8.699997,0.29999924,3.9000015,
KOPRAN,1.5,12.549988,13.850037,
KOTAKBANK,23.149902,0.6000004,9.75,
KOTAKBKETF,4.75,4.4000015,2.5,
KOTAKGOLD,4.5,11.299988,0.20000005,
KOTAKNIFTY,1.2700043,1.4000015,2.7000008,
KOTAKNV20,1.0599976,22.800049,32.400024,
KOTAKPSUBK,2.3600006,6.399994,8.0,
KOTARISUG,0.8500004,4.799988,0.050000004,
KOTHARIPET,1.2000008,1.050003,0.100000024,
KOTHARIPRO,5.5999985,1.1599998,8.949997,
KPITTECH,6.25,2.199997,1.949997,
KPRMILL,23.0,1.3000002,20.099976,
KRBL,23.25,1.1999989,0.14999998,
KREBSBIO,5.3499985,3.899994,3.7999954,
KRIDHANINF,0.20000005,5.1500015,0.0,
KRISHANA,0.0,21.25,1.0,
KRITIKA,0.0,17.950012,0.0,
KSB,25.849976,5.25,0.0,
KSCL,15.75,0.14999986,9.390015,
KSERASERA,0.050000004,28.049988,1.0,
KSHITIJPOL,0.0,12.649994,0.0,
KSK,0.050000012,0.050000004,20.0,
KSL,21.199997,0.100000024,6.9399414,
KTKBANK,1.1499939,12.699997,33.0,
KUANTUM,13.0,1.2000046,0.29999924,
KWALITY,0.20000005,24.899994,58.549927,
L&TFH,1.5,0.1500001,0.9000015,
L&TFINANCE,4.9000244,4.0999985,7.050003,
L&TFINANCE,0.0,62.95996,3.3000011,
L&TFINANCE,5.01001,0.0,44.950012,
L&TFINANCE,0.0,0.0,113.0,
L&TFINANCE,3.0,8.700012,1.7999992,
L&TFINANCE,1.0,11.0,3.75,
L&TFINANCE,0.0,41.44995,11.799988,
L&TFINANCE,2.4500122,5.0,0.25,
L&TINFRA,41.900024,0.0,4.299999,
L&TINFRA,11.0,0.0,4.800003,
L&TINFRA,0.030029297,9.949951,19.5,
L&TINFRA,1.0999756,0.75,0.8999996,
L&TINFRA,19.5,81.400024,5.939995,
LAKPRE,0.0,2.2999992,28.799988,
LAKSHVILAS,0.4499998,9.649994,3.6899948,
LALPATHLAB,28.800049,0.0,6.899994,
LAMBODHARA,1.7000008,30.450012,6.949997,
LAOPALA,7.850006,67.5,22.900024,
LASA,0.0,0.9000015,0.42999268,
LAURUSLABS,14.700012,5.800003,0.020019531,
LAXMIMACH,95.44995,8.450012,4.1000023,
LEMONTREE,1.8499985,0.049999952,2.1499996,
LFIC,4.799999,3.4000015,2.3499985,
LGBBROSLTD,9.950012,3.5,0.100000024,
LGBFORGE,0.20000005,26.75,0.050000012,
LIBAS,2.0999985,2.8999996,16.550049,
LIBERTSHOE,3.899994,2.4400024,40.849976,
LICHSGFIN,9.0,25.799988,46.849976,
LICNETFGSC,0.87000084,3.600006,92.900024,
LICNETFN50,3.0,10.350006,7.7000046,
LICNETFSEN,19.899994,15.0,18.700012,
LICNFNHGP,1.9000015,27.200012,54.849976,
LINCOLN,5.5,0.76000977,1.1499996,
LINCPEN,13.899994,0.020019531,0.5,
LINDEINDIA,55.349976,1.2000008,11.700012,
LIQUIDBEES,0.76000977,2.3500004,12.850006,
LIQUIDETF,0.020019531,1.550003,0.0,
LOKESHMACH,1.2000008,0.100000024,0.37999916,
LOTUSEYE,2.9000015,0.100000024,0.049999714,
LOVABLE,3.2999954,23.800049,0.5499997,
LPDC,0.100000024,20.0,1.8800049,
LSIL,0.100000024,60.0,4.3499985,
LT,22.849976,34.5,0.0,
LTI,22.699951,3.4500046,3.9500008,
LTTS,43.69995,20.350037,0.19999981,
LUMAXIND,75.0,34.849976,0.8500004,
LUMAXTECH,3.0499954,1.1999989,9.949997,
LUPIN,9.200012,0.5,4.5,
LUXIND,64.0,23.700012,0.0,
LYKALABS,0.69999886,11.450012,0.4499998,
LYPSAGEMS,0.5999999,3.9899902,4.0,
M&M,8.549988,5.0,6.550003,
M&MFIN,21.100006,0.6700001,8.950012,
M&MFIN,4.0,0.25,0.0,
M&MFIN,0.0,0.099999905,5.25,
M100,0.27000046,1.0699997,20.0,
M17RD,0.0,1.949997,14.0,
M50,1.2699966,3.9500008,68.950195,
MAANALU,4.4000015,3.2999992,13.0,
MACPOWER,0.0,0.1500001,20.799988,
MADHAV,3.6000004,2.1499996,12.399994,
MADHUCON,0.3000002,3.4000015,2.3500023,
MADRASFERT,0.6500015,2.6499977,3.75,
MAGADSUGAR,8.800003,0.29999995,0.54999995,
MAGMA,2.5,0.39999962,0.25000024,
MAGNUM,0.14999986,4.449997,1.1000023,
MAHABANK,0.25,4.449997,1.0,
MAHAPEXLTD,8.599998,28.799988,0.75,
MAHASTEEL,7.800003,0.9500046,5.0,
MAHESHWARI,31.799988,7.399994,0.0,
MAHICKRA,0.0,12.850006,2.5,
MAHINDCIE,6.25,9.899994,0.8499985,
MAHLIFE,8.75,134.8501,14.700012,
MAHLOG,10.399994,8.75,0.4499998,
MAHSCOOTER,170.0,27.700012,6.799999,
MAHSEAMLES,6.450012,21.399994,1.8499985,
MAITHANALL,23.450012,1.2999992,1.0500002,
MAJESCO,10.200012,0.7000046,96.92999,
MALUPAPER,2.3499985,0.5500002,1.3499994,
MAN50ETF,0.6500015,0.19999981,4.800003,
MANAKALUCO,0.3000002,1.0,28.149994,
MANAKCOAT,0.20000029,0.6999998,2.75,
MANAKSIA,1.3499985,1.1999989,0.6499996,
MANAKSTEEL,0.6500006,7.699997,0.0,
MANALIPETC,0.6499996,2.3499985,168.4502,
MANAPPURAM,9.100006,1.0,40.0,
MANGALAM,1.9000015,10.049988,8.900024,
MANGCHEFER,1.0499992,0.39999962,8.049988,
MANGLMCEM,9.549988,2.0,1.4500008,
MANGTIMBER,0.5,1.1499996,2.800003,
MANINDS,0.95000076,1.3000002,2.199997,
MANINFRA,0.8999996,1.0500011,8.949997,
MANUGRAPH,0.75,11.449997,8.949982,
MARALOVER,0.35000038,14.600006,3.550003,
MARATHON,6.949997,1.5,0.3000002,
MARICO,11.300018,1.0999985,0.20000005,
MARINE,0.7999954,68.0,0.8999996,
MARKSANS,1.3999996,70.54999,24.450012,
MARSHALL,0.0,0.0,2.5,
MARUTI,141.25,13.25,0.3000002,
MASFIN,20.450012,14.0,62.19995,
MASTEK,31.25,1.9000015,0.0,
MATRIMONY,11.850006,3.0,0.4500003,
MAWANASUG,2.5999985,2.0499992,3.7999992,
MAXINDIA,2.8499985,18.399994,0.0,
MAXVIL,1.7999992,10.5,1.6000023,
MAYURUNIQ,5.300003,0.0,1.9000015,
MAZDA,15.0,0.20000029,0.0,
MBECL,0.25,0.19999981,0.0,
MBLINFRA,0.25,0.6499996,0.0,
MCDHOLDING,2.4500008,17.0,40.44995,
MCDOWELL-N,28.0,4.1500015,13.850006,
MCL,5.4000015,0.25,0.0,
MCLEODRUSS,0.10000038,153.54993,72.349976,
MCX,28.150024,0.39999962,10.450012,
MEGASOFT,0.2999997,5.299999,0.100000024,
MEGH,8.25,0.0,6.449997,
MELSTAR,0.0,1.0,8.700005,
MENONBE,1.8500023,1.6500015,11.0,
MEP,1.0,0.0,1.4500008,
MERCATOR,0.050000012,0.3000002,24.5,
METALFORGE,0.0,0.10000001,1.0,
METKORE,0.050000012,50.150024,1.7000008,
METROPOLIS,47.75,16.0,0.0,
MFSL,9.5,0.0,25.450012,
MGEL,0.0,38.049927,7.0,
MGL,25.0,6.25,1.0,
MHHL,0.0,0.100000024,0.0,
MHRIL,3.949997,6.899994,0.0,
MIC,0.050000012,3.5,8.0,
MIDHANI,5.899994,15.299988,1.9500008,
MILTON,0.0,1.8500004,9.200012,
MINDACORP,3.9000015,16.400024,10.649994,
MINDAIND,17.100006,0.6500006,1.8500004,
MINDPOOL,0.0,1.6500015,0.35000038,
MINDTECK,1.0999985,1.0,9.150009,
MINDTREE,9.799988,29.350006,28.899963,
MIRCELECTR,0.6000004,5.0,3.4000015,
MIRZAINT,1.9500008,0.79999924,21.950012,
MMFL,11.149994,0.14999962,47.149994,
MMP,10.0,0.29999995,1281.7969,
MMTC,0.6000004,0.5,2.5499992,
MODIRUBBER,1.0499992,6.25,0.4000001,
MOHITIND,0.049999952,0.0,7.300003,
MOHOTAIND,0.75,1.9000015,1.25,
MOIL,8.849991,7.5,0.25,
MOLDTECH,1.6000023,7.950012,0.4499998,
MOLDTKPAC,3.9500122,1.3000002,2.1000004,
MONTECARLO,6.549988,0.4499998,1.3500023,
MORARJEE,1.0500011,5.0,1.550003,
MOREPENLAB,0.6499996,24.200012,1.7000046,
MOTHERSUMI,2.949997,2.0999985,1.1999989,
MOTILALOFS,29.25,28.199951,33.700012,
MOTOGENFIN,1.5,71.350006,23.600037,
MPHASIS,19.400024,1099.0,6.9000244,
MPSLTD,13.799988,2.5499992,11.839966,
MRF,600.0,0.25,1.8999996,
MRPL,0.75,10.000008,0.4000001,
MSPL,0.5,3.0999994,0.5999999,
MSTCLTD,10.799995,0.3000002,0.9499998,
MTEDUCARE,0.9499998,0.8500004,0.0,
MTNL,0.4499998,1.3500004,1.2999992,
MUKANDENGG,0.54999924,0.05000019,2.6500015,
MUKANDLTD,0.8999996,1.0,0.8999977,
MUKANDLTD,0.3499999,1.7999992,13.0,
MUKTAARTS,0.79999924,4.399994,0.0,
MUNJALAU,1.75,1.1499996,26.900024,
MUNJALSHOW,7.350006,21.900024,12.600006,
MURUDCERA,1.1499996,26.100037,2.0,
MUTHOOTCAP,12.400024,11.909973,0.0,
MUTHOOTFIN,11.75,5.9400635,109.94995,
N100,7.8900146,0.8500004,87.900024,
NABARD,1.8100586,0.2999997,0.79999924,
NACLIND,1.1000004,0.049999714,5.300003,
NAGAFERT,0.3000002,0.74999905,1.449997,
NAGREEKCAP,0.0,6.7999954,60.0,
NAGREEKEXP,0.99999905,2.6000004,6.1500015,
NAHARCAP,3.6500015,1.0999985,2.300003,
NAHARINDUS,1.6499996,0.5,5.0,
NAHARPOLY,1.5,10.899994,1.0,
NAHARSPING,0.8499985,9.0,1.7999992,
NAM-INDIA,8.799988,14.399994,2.1000004,
NARMADA,0.0,1.4500008,0.2999997,
NATCOPHARM,17.5,0.049999952,1.0,
NATHBIOGEN,22.5,95.0,3.0499992,
NATIONALUM,1.2000008,85.0,6.600006,
NATNLSTEEL,0.0,0.80000114,26.299988,
NAUKRI,69.8501,1.5,47.0,
NAVINFLUOR,48.849976,2.75,326.9502,
NAVKARCORP,1.6999989,0.0,1.2300034,
NAVNETEDUL,1.5999985,6.3499985,0.52000046,
NBCC,0.8999977,2.9000015,0.26000023,
NBIFIN,146.90002,4.4000015,0.059999466,
NBVENTURES,15.400002,10.950012,0.9000015,
NCC,0.79999924,2.3999996,1.5100021,
NCLIND,2.8499985,0.69999886,1.0300026,
NDGL,9.099976,0.5,1.1000004,
NDL,1.5499992,0.5,41.950012,
NDTV,0.79999924,2.6500015,12.0,
NECCLTD,0.35000038,10.949997,0.6999998,
NECLIFE,0.6999998,32.799988,0.75,
NELCAST,1.6000023,33.599976,11.0,
NELCO,4.600006,339.5996,1.7900391,
NEOGEN,22.399994,0.5200043,7.9000244,
NESCO,10.0,0.4699974,3.0,
NESTLEIND,459.9502,3.0900002,9.880005,
NETF,0.91000366,0.060001373,0.0,
NETFCONSUM,1.2599983,0.8500061,0.0,
NETFDIVOPP,0.25,0.0,2.75,
NETFLTGILT,0.069999695,0.8499985,216.80005,
NETFMID150,0.7900009,1.5499992,1.8900146,
NETFNIF100,1.199997,22.600006,90.0,
NETFNV20,0.6499977,8.0,1.4499989,
NETWORK18,0.94999886,0.7999997,28.0,
NEULANDLAB,33.950012,1.0999985,4.350006,
NEWGEN,13.449997,14.950012,0.3000002,
NEXTMEDIA,0.6000004,5.7800293,1.5299911,
NFL,0.70000076,19.0,2.5499954,
NH,22.200012,0.100097656,110.54993,
NHAI,2.9000244,2.5,0.1500001,
NHAI,8.099976,12.97998,0.049999952,
NHAI,8.5,0.0,33.75,
NHAI,1.0,2.9899902,13.649994,
NHAI,2.4899902,1.9100342,0.70000076,
NHAI,216.90002,45.0,0.099999994,
NHAI,39.900024,1.3500004,1.6500015,
NHBTF2014,15.0,2.0,0.0,
NHBTF2023,38.0,8.149994,1.75,
NHPC,1.75,0.3000002,6.100006,
NIACL,5.0,1.5,10.800003,
NIBL,0.099999905,0.0,0.29999995,
NIFTYBEES,1.1499939,2.4000015,0.91000366,
NIFTYEES,148.0,102.94995,11.800003,
NIITLTD,1.3499985,0.25,4.4000015,
NIITTECH,121.55005,0.0,29.0,
NILAINFRA,0.4500003,51.0,0.099999994,
NILASPACES,0.05000007,15.950012,3.75,
NILKAMAL,29.800049,0.95000076,0.0,
NIPPOBATRY,8.200012,0.050000012,42.0,
NITCO,1.25,4.4000015,0.17000008,
NITINFIRE,0.050000012,1.7999992,0.0,
NITINSPIN,3.8500023,1.75,0.0,
NKIND,0.0,4.9500046,12.950012,
NLCINDIA,1.4000015,9.849998,14.650024,
NMDC,4.449997,0.29999995,9.149994,
NOCIL,1.7000046,1.699997,21.900024,
NOIDATOLL,0.25,16.0,27.549988,
NORBTEAEXP,0.0,3.75,129.5,
NPBET,2.1599884,28.950012,11.049995,
NRAIL,14.899994,0.050000012,0.25,
NRBBEARING,2.449997,2.75,0.20000005,
NSIL,35.650024,7.550049,4.0,
NTL,0.099999994,31.579956,11.700001,
NTPC,3.1500015,0.119999886,3.649994,
NTPC,0.0,0.0,0.25,
NTPC,0.0,8.899994,1.2000008,
NTPC,27.0,11.900024,0.7500005,
NTPC,0.16999912,12.550003,0.54999924,
NTPC,0.0,29.75,9.25,
NTPC,0.0,21.900024,0.6500015,
NTPC,0.0,96.55005,1.5000038,
NUCLEUS,14.350006,3.25,2.2999992,
NXTDIGITAL,21.799988,0.0,0.1500001,
OAL,9.649994,0.099999905,2.5999985,
OBEROIRLTY,16.950012,6.300003,0.70000076,
OCCL,23.900024,5.6499977,0.69999886,
OFSS,81.84985,7.75,0.3000002,
OIL,4.449997,0.25,1.8500023,
OILCOUNTUB,0.099999905,1.2999992,6.199997,
OISL,0.1500001,0.5999994,5.0,
OLECTRA,6.699997,1.3999996,20.000015,
OMAXAUTO,2.0,2.550003,0.6000004,
OMAXE,3.449997,0.95000076,0.34999847,
OMKARCHEM,0.20000029,1.949997,1.1500015,
OMMETALS,0.6000004,2.6500015,6.150009,
ONELIFECAP,0.35000038,0.099999905,86.75,
ONEPOINT,0.5,2.0,0.050000012,
ONGC,1.7000046,1.5499992,0.34999943,
ONMOBILE,0.80000114,0.8999996,0.0,
ONWARDTEC,1.3999977,0.19999981,0.8000002,
OPTIEMUS,1.3999996,1.0999985,0.1500001,
OPTOCIRCUI,0.099999905,4.0,617.8496,
ORBTEXP,1.4000015,3.75,21.0,
ORICONENT,0.79999924,12.849991,0.94999886,
ORIENTABRA,0.79999924,0.95000076,8.199997,
ORIENTALTL,0.9499998,1.5,3.0,
ORIENTBANK,0.9000015,0.79999924,3.2500038,
ORIENTBELL,6.449997,11.699997,5.100006,
ORIENTCEM,2.8499985,85.400024,0.0,
ORIENTELEC,24.5,0.100000024,0.39999962,
ORIENTHOT,1.0499992,0.40000057,9.550003,
ORIENTLTD,4.649994,0.5499997,0.099999905,
ORIENTPPR,0.5,0.20000005,0.79999924,
ORIENTREF,15.25,843.9512,1.1499996,
ORISSAMINE,138.30005,23.799988,0.4000001,
ORTEL,0.050000012,0.6000004,0.5,
ORTINLABSS,0.5500002,0.6500015,1.1500015,
OSWALAGRO,0.8999996,2.5,0.0,
PAEL,0.1500001,4.3499985,9.950012,
PAGEIND,729.1992,3.2999992,0.0,
PAISALO,21.199982,7.299988,87.0,
PALASHSECU,1.3500004,0.0,0.70000076,
PALREDTEC,1.6000004,0.6999998,0.5,
PANACEABIO,4.800003,7.399994,27.0,
PANACHE,1.75,0.10000014,0.5000005,
PANAMAPET,2.5,21.75,7.75,
PAPERPROD,7.0,1.8999996,5.449997,
PARABDRUGS,0.05000007,1.4500008,2.5100098,
PARACABLES,0.95000076,0.05000019,13.900024,
PARAGMILK,3.899994,0.6499996,135.5498,
PARSVNATH,0.1500001,0.6999998,7.299999,
PASHUPATI,0.5,0.049999952,1.2000008,
PATELENG,1.25,12.0,4.5999985,
PATINTLOG,1.1999989,0.5500002,203.2002,
PATSPINLTD,0.0,150.30005,143.1997,
PCJEWELLER,0.44999886,0.39999962,7.300003,
PDMJEPAPER,0.6000004,0.3000002,6.0,
PDPL,0.099999905,26.850037,31.0,
PDSMFL,10.5,0.4000001,32.75,
PEARLPOLY,0.79999924,7.75,67.0,
PEL,40.94995,3.75,31.300049,
PENIND,0.5999985,0.0,0.25,
PENINLAND,0.19999981,0.0,4.4500046,
PENTAGOLD,0.0,0.0,2.1499977,
PERSISTENT,42.849976,3.5,1.2999992,
PETRONENGG,0.5500002,145.5,8.899994,
PETRONET,5.100006,5.9000015,6.849991,
PFC,2.9000015,0.75,1.4000015,
PFC,1.4000244,3.7000046,0.55000114,
PFC,0.0,505.5996,16.75,
PFC,1.5100098,120.0,1.25,
PFIZER,109.0,7.550003,5.899994,
PFOCUS,1.5499992,7.049988,15.0,
PFS,0.8999996,28.799988,10.350006,
PGEL,2.7999954,50.0,5.199997,
PGHH,270.5,43.799927,38.700012,
PGHL,67.0,27.949951,26.399994,
PGIL,3.899994,0.3000002,24.600037,
PHILIPCARB,4.949997,4.199997,14.800003,
PHOENIXLTD,34.0,1.3500004,10.399994,
PIDILITIND,43.700073,0.79999924,38.849976,
PIIND,65.849976,11.300003,9.199997,
PILANIINVS,19.150024,5.549988,5.75,
PILITA,0.19999981,1.5999985,2.0999985,
PIONDIST,10.349991,0.45000076,0.0,
PIONEEREMB,1.3500004,14.549988,0.3000002,
PITTIENG,1.2000008,0.6000004,4.0999985,
PKTEA,11.0,3.449997,4.700001,
PLASTIBLEN,6.550003,6.049988,2.0,
PNB,0.70000076,8.0,4.700001,
PNBGILTS,0.25,3.1500015,8.5,
PNBHOUSING,12.899994,23.850037,3.75,
PNC,0.6000004,14.799988,0.0,
PNCINFRA,12.100006,22.5,1.5,
PODDARHOUS,8.0,10.800003,0.9000015,
PODDARMENT,11.5,3.850006,11.549988,
POKARNA,6.8499985,23.650024,1.7000008,
POLYCAB,29.0,15.549988,3.1500015,
POLYMED,55.0,5.25,7.050003,
POLYPLEX,15.400024,1.5,0.050000012,
PONNIERODE,6.699997,0.100000024,0.54999924,
POWERGRID,4.550003,0.3499999,2.300003,
POWERMECH,30.049988,3.8499985,1.0,
PPAP,8.800003,3.4000015,0.050000012,
PPL,2.4000015,1.4000015,11.149994,
PRABHAT,1.6499939,3.3500004,1.7900009,
PRADIP,0.050000012,9.5,2.1500015,
PRAENG,0.3000002,3.399994,0.9000015,
PRAJIND,2.2999954,0.25,48.80002,
PRAKASH,3.3500023,3.8500004,0.100000024,
PRAKASHSTL,0.0,9.899994,4.649994,
PRECAM,0.5,1.9000015,0.0,
PRECOT,3.25,2.4000015,46.450073,
PRECWIRE,6.899994,6.899994,6.199951,
PREMEXPLN,4.899994,0.0,6.0,
PREMIER,0.10000014,0.6000004,22.950012,
PREMIERPOL,2.4500008,2.1500015,4.399994,
PRESSMN,1.1499996,0.70000076,18.5,
PRESTIGE,13.75,0.0,1.0,
PRICOLLTD,3.2000008,11.799988,4.449997,
PRIMESECU,1.0499992,0.3900013,13.450012,
PRINCEPIPE,7.100006,1.4000015,0.05,
PRITI,12.0,0.5,2.6999989,
PROSEED,0.050000012,0.099998474,6.6500015,
PROZONINTU,0.54999924,24.299988,0.0,
PRSMJOHNSN,1.75,0.100000024,11.550003,
PSB,0.35000038,2.2000046,0.79999924,
PSL,0.050000012,0.0,3.8499985,
PSPPROJECT,21.0,53.0,17.450012,
PSUBNKBEES,0.34000015,17.800049,2.800003,
PTC,1.1500015,41.950012,7.649994,
PTL,0.70000076,4.1500015,1.5000019,
PUNJABCHEM,33.950012,0.100000024,0.25,
PUNJLLOYD,0.100000024,29.700012,8.5,
PURVA,2.75,1.3999996,23.950012,
PUSHPREALM,0.0,4.9000015,16.300049,
PVR,31.0,11.0,18.849976,
QGOLDHALF,8.0,0.05,17.25,
QNIFTY,0.0,1.3000011,11.149994,
QUESS,37.0,2.6499977,1.8500023,
QUICKHEAL,2.800003,5.650009,0.050000012,
RADAAN,0.0,1.1999998,6.949997,
RADICO,16.300018,3.7999992,0.0,
RADIOCITY,1.0499992,26.0,4.6500015,
RAIN,3.7000046,10.550003,1.6499977,
RAJESHEXPO,14.200012,11.399994,0.0,
RAJRAYON,0.05,1.1999989,22.200012,
RAJSREESUG,1.9500008,0.4000001,0.40000057,
RAJTV,4.0999985,10.0,46.05005,
RAJVIR,0.0,50.900024,1.3499985,
RALLIS,20.0,28.650024,1.2999992,
RAMANEWS,1.1999998,14.049988,9.800003,
RAMASTEEL,4.5,13.350037,0.3499999,
RAMCOCEM,58.349976,16.0,8.299988,
RAMCOIND,11.75,1.4500008,15.849976,
RAMCOSYS,13.449997,0.050000012,1.3500061,
RAMKY,3.1499996,3.1500092,24.0,
RAMSARUP,0.0,0.0,21.700012,
RANASUG,0.5,0.0,0.0,
RANEENGINE,24.25,0.0,33.990005,
RANEHOLDIN,44.049988,7.0,1.199997,
RATNAMANI,28.150024,6.4000015,1.5499992,
RAYMOND,13.299988,2.0499992,16.399994,
RBL,30.900024,0.0,11.449982,
RBLBANK,9.549988,15.0,0.25,
RCF,1.4000015,0.6499996,8.900024,
RCOM,0.100000024,0.0,0.5,
RECLTD,2.949997,39.69995,0.0,
RECLTD,4.98999,2.8499985,12.0,
RECLTD,1.5999756,2.1000004,0.0,
RECLTD,0.0,5.5499954,0.100000024,
RECLTD,0.0,0.25,2.300003,
REDINGTON,4.1500015,10.549988,0.049999952,
REFEX,1.4500008,1.9000015,0.20000005,
REGENCERAM,0.0,29.349976,1.949997,
RELAXO,10.700012,2.0999985,27.5,
RELCAPITAL,0.6999998,41.950012,0.0,
RELIANCE,30.349976,18.0,1.9000015,
RELIGARE,2.5999985,0.0,0.0,
RELINFRA,0.95000076,0.0,1.8500004,
RENUKA,0.39999962,0.0,4.699997,
REPCOHOME,14.25,0.0,3.5999985,
REPL,2.0,1.5,0.10000014,
REPRO,14.900024,12.600006,0.049999952,
RESPONIND,2.0,13.899994,13.050003,
REVATHI,42.5,0.25,0.0,
RGL,28.0,19.0,0.0,
RHFL,0.0,0.5,2.5499954,
RHFL,30.990005,16.0,10.199997,
RHFL,9.949997,0.0,2.850006,
RICOAUTO,1.0,0.099999994,1.25,
RIIL,19.0,4.8499985,0.099999905,
RITES,13.950012,0.049999952,4.25,
RKDL,0.2999997,0.1500001,1.1000023,
RKEC,2.0,0.0,22.0,
RKFORGE,13.850006,8.949982,2.800003,
RMCL,0.5499997,0.0,23.099976,
RMDRIP,0.14999962,2.25,1.75,
RML,9.600006,1.2000008,5.7000046,
RNAVAL,0.0,9.099998,0.4499998,
ROHITFERRO,0.050000012,1.5,6.599991,
ROHLTD,3.8499985,0.10000014,0.2999997,
ROLLT,0.049999952,0.05000007,3.399994,
ROLTA,0.19999981,19.699997,2.6500015,
ROSSELLIND,4.100006,0.0,0.1500001,
RPGLIFE,8.950012,0.0,9.800003,
RPOWER,0.0,2.75,0.20000005,
RPPINFRA,1.5999985,12.399994,0.6000004,
RPPL,0.0,4.550003,13.799988,
RSSOFTWARE,1.5,2.0,5.850006,
RSWM,4.4000015,0.100000024,3.4500008,
RSYSTEMS,1.8999939,6.699997,1.4000015,
RTNINFRA,0.10000014,3.7999992,1.6499996,
RTNPOWER,0.05000007,11.75,4.8499985,
RUBYMILLS,6.0,3.6500015,1.5,
RUCHI,0.0,14.650024,66.200195,
RUCHINFRA,0.0,1.1500015,0.100000024,
RUCHIRA,3.800003,5.0,10.050003,
RUPA,7.399994,0.6999998,6.0,
RUSHIL,4.899994,9.050003,1.4500008,
RVNL,1.9500008,0.3499999,0.0,
SABTN,0.100000024,3.5,21.049988,
SADBHAV,3.9000015,2.5,7.0,
SADBHIN,1.0,0.29999995,5.4000015,
SAFARI,8.0,4.6500015,6.199997,
SAGARDEEP,5.800003,0.10000014,2.949997,
SAGCEM,24.900024,1.0,22.849976,
SAIL,1.0,9.950012,13.100006,
SAKAR,4.2000046,11.0,389.7998,
SAKHTISUG,0.35000038,2.75,38.5,
SAKSOFT,2.949997,1.3500023,100.0,
SAKUMA,0.3000002,1.0,0.049999997,
SALASAR,4.550003,5.9000015,132.2002,
SALONA,4.0999985,1.0,5.0499954,
SALSTEEL,0.25,112.450195,2.3499985,
SALZERELEC,7.699997,0.100000024,1.8499985,
SAMBHAAV,0.14999986,8.800003,2.8499985,
SANCO,1.5,14.100006,16.0,
SANDESH,17.0,1.3500004,2.8999996,
SANDHAR,11.850006,0.20000076,5.349991,
SANGAMIND,3.4500008,30.200012,0.050000012,
SANGHIIND,0.95000076,3.6500015,0.25,
SANGHVIFOR,1.1000004,8.800003,7.0999985,
SANGHVIMOV,3.800003,13.400009,0.0,
SANGINITA,2.0,2.8099976,5.0,
SANOFI,57.0,27.700012,0.39999962,
SANWARIA,0.100000024,11.100006,6.8700104,
SARDAEN,17.949997,99.0,20.850098,
SAREGAMA,7.25,69.0,5.699997,
SARLAPOLY,1.1999989,0.0,3.2000122,
SARVESHWAR,0.0,0.049999997,3.1799927,
SASKEN,29.950012,88.6499,0.099999964,
SASTASUNDR,5.75,4.25,4.1500015,
SATIA,11.899994,3.2000046,0.0,
SATIN,3.899994,1.5999985,28.0,
SBIETFQLTY,2.4899979,5.550003,40.0,
SBILIFE,24.150024,19.799988,25.0,
SBIN,4.1500244,0.0,35.0,
SBIN,20.09961,4.699997,0.0,
SBIN,158.0,0.050000012,27.0,
SBIN,0.0,0.20000005,308.0,
SCAPDVR,0.049999997,7.5999985,33.98999,
SCHAEFFLER,139.9502,0.0,0.0,
SCHAND,3.300003,4.199997,37.0,
SCHNEIDER,4.199997,0.95000076,22.0,
SCI,2.25,13.599991,0.0,
SDBL,2.8499985,44.05005,19.0,
SEAMECLTD,18.950012,0.8199997,33.44995,
SECURCRED,0.0,3.0,0.0,
SELAN,4.800003,6.880005,100.0,
SELMCL,0.100000024,0.049999952,2.0,
SEPOWER,0.4000001,6.449997,0.0,
SEQUENT,3.3499985,0.0,0.0,
SERVOTECH,0.5,49.400024,1.0,
SESHAPAPER,7.949997,48.899902,37.98999,
SETCO,0.5,5.5,129.0,
SETF10GILT,4.7100067,5.0,32.98999,
SETFGOLD,30.0,90.0,50.0,
SETFNIF50,0.8600006,22.0,0.4500003,
SETFNIFBK,3.8099976,0.100097656,0.8000002,
SETFNN50,2.2000122,0.0,14.450012,
SETUINFRA,0.099999964,35.0,4.5499954,
SEYAIND,5.449997,26.0,5.5,
SEZAL,0.0,0.0,14.75,
SFL,47.0,0.0,1.300003,
SGBAUG24,42.80005,26.0,15.5,
SGBAUG27,15.0,23.51001,21.599976,
SGBDC27VII,99.0,59.0,3.880005,
SGBFEB24,59.0,25.0,14.650009,
SGBJ28VIII,119.0,0.0,8.100006,
SGBJAN26,0.0,0.0,10.649994,
SGBJUL25,39.0,0.0,0.0,
SGBMAR24,50.0,23.0,1.3999996,
SGBMAR25,18.0,44.98999,1.5499992,
SGBMAY25,15.5,0.0,14.150002,
SGBMAY26,0.0,0.0,3.0999985,
SGBNOV23,41.0,25.0,5.899994,
SGBNOV24,25.0,10.0,1.6000004,
SGBNOV25,174.98999,34.899902,855.3496,
SGBNOV25VI,0.0,0.35000038,7.050003,
SGBNOV26,2.0,0.34999943,0.25,
SGBOCT25,27.330078,9.200012,1.75,
SGBOCT25IV,10.0,6.6500015,8.799995,
SGBOCT26,0.0,6.3499985,3.300003,
SGBOCT27,239.0,13.0,25.450012,
SGBOCT27VI,234.0,3.0999985,40.0,
SGBSEP24,19.0,16.149994,0.25,
SGBSEP27,1.0,26.200012,0.049999952,
SGL,0.4500003,0.5,0.95000076,
SHAHALLOYS,0.5,10.550003,0.0,
SHAKTIPUMP,9.099991,11.900009,42.0,
SHALBY,19.5,11.399994,1.6500015,
SHALPAINTS,7.9000015,0.0,0.40000057,
SHANKARA,11.799988,1.3500004,9.949997,
SHANTIGEAR,2.449997,0.70000076,0.3499999,
SHARDACROP,19.949997,6.2000046,3.800003,
SHARDAMOTR,16.899963,3.449997,0.050000012,
SHARIABEES,0.54000854,8.899994,25.400024,
SHEMAROO,5.949997,1.6000004,65.44998,
SHIL,9.300003,369.80078,0.099999905,
SHILPAMED,17.450012,5.699997,4.350006,
SHIRPUR-G,1.6999989,0.3499999,0.8999996,
SHIVAMAUTO,0.95000076,1.7999992,30.0,
SHIVAMILLS,1.2999992,4.7999954,0.3499999,
SHIVATEX,4.9000015,6.6500015,7.25,
SHK,3.9000015,4.0,2.6000023,
SHOPERSTOP,12.949982,38.80005,0.15000153,
SHREDIGCEM,1.5,0.25,3.7000046,
SHREECEM,573.9004,0.75,11.900024,
SHREEPUSHK,7.949997,0.3000002,0.1,
SHREERAMA,0.39999962,1.7000008,9.5,
SHRENIK,2.7999992,0.0,1.9500008,
SHREYANIND,2.800003,30.900024,0.45000076,
SHREYAS,6.800003,0.80000114,13.200012,
SHRIPISTON,13.0,0.8000002,9.799988,
SHRIRAMCIT,38.94995,7.199997,57.05005,
SHRIRAMEPC,0.25,0.3499999,0.0,
SHUBHLAXMI,2.1500015,0.0,7.349991,
SHYAMCENT,0.20000005,0.5,0.29999995,
SHYAMTEL,0.0,0.050000012,2.1500006,
SICAGEN,0.8500004,11.899994,0.6999998,
SICAL,1.0499992,24.700012,16.75,
SIEMENS,49.099976,0.099999905,6.4000015,
SIGIND,0.45000076,8.200012,23.900024,
SIL,0.70000076,0.54999924,0.25,
SILINV,4.149994,67.0,1.3999996,
SIMBHALS,0.3499999,0.0,11.900009,
SIMPLEXINF,0.0,1.8499985,56.0,
SINTERCOM,0.30000305,1.6500015,13.75,
SINTEX,0.050000012,1.25,2.5,
SIRCA,11.399994,8.650002,6.9000015,
SIS,23.400024,13.849976,0.050000012,
SITINET,0.049999952,0.1,2.1499996,
SIYSIL,6.899994,13.350006,1.6500015,
SJVN,0.45000076,2.1500015,0.5,
SKFINDIA,56.0,0.45000076,0.4499998,
SKIL,0.2999997,11.450012,0.05000007,
SKIPPER,1.1500015,16.0,0.0,
SKMEGGPROD,1.2000008,22.0,4.149994,
SMARTLINK,1.3999939,6.650009,0.0,
SMLISUZU,21.799988,0.049999952,89.900024,
SMPL,0.050000004,0.8500004,29.0,
SMSLIFE,6.0,9.199982,0.5999994,
SMSPHARMA,2.3500023,7.199997,8.0,
SMVD,0.0,23.950012,10.0,
SNOWMAN,0.3500023,0.34999943,0.0,
SOBHA,5.25,2.6000004,0.0,
SOFTTECH,0.05000305,6.75,16.799988,
SOLARA,23.700012,24.049988,89.0,
SOLARINDS,62.44995,10.399994,5.0,
SOMANYCERA,6.449997,0.049999952,11.75,
SOMATEX,0.14999986,3.75,38.299927,
SOMICONVEY,1.0999994,6.75,5.5,
SONAHISONA,1.8999996,0.099999994,0.0,
SONAMCLOCK,0.0,1.4500008,23.640015,
SONATSOFTW,7.899994,3.399994,0.0,
SORILINFRA,9.549995,3.4000015,0.0,
SOTL,14.349976,0.8500004,10.0,
SOUTHBANK,0.19999981,0.100000024,13.0,
SOUTHWEST,0.6000004,0.050000012,2.3000488,
SPAL,4.25,4.399994,1.3499756,
SPANDANA,125.0,94.900024,0.049987793,
SPARC,8.0,49.919983,0.0,
SPECIALITY,3.1500015,36.0,15.650024,
SPENCERS,3.7000046,0.099975586,0.0,
SPENTEX,0.049999982,1.0,3.7999878,
SPIC,0.6499996,19.0,8.800049,
SPICEJET,2.050003,82.0,3.0500488,
SPLIL,1.550003,0.0,9.950012,
SPMLINFRA,0.6999998,27.200012,0.049987793,
SPTL,0.100000024,82.25,10.039978,
SPYL,0.050000012,9.400002,0.0,
SREEL,6.449997,9.050003,79.95001,
SREIBNPNCD,0.0,78.29993,0.0,
SREIBNPNCD,0.0,0.0,1.8499756,
SREIBNPNCD,0.0,0.0,0.0,
SREIBNPNCD,0.0,0.0,0.0,
SREINFRA,0.39999962,12.950012,16.549988,
SREINFRA,0.0,0.0,0.099999994,
SREINFRA,40.0,1.0,3.300003,
SREINFRA,1.0100098,8.0,11.350006,
SRF,52.850098,29.0,6.949997,
SRHHYPOLTD,5.199997,0.0,4.649994,
SRIPIPES,14.5,21.0,1.9500008,
SRTRANSFIN,36.19995,0.049987793,1.2000008,
SRTRANSFIN,29.599976,13.700012,2.3000011,
SRTRANSFIN,4.5,0.0,2.5,
SRTRANSFIN,1.0599976,0.0,6.149994,
SRTRANSFIN,12.700012,70.349976,0.3499999,
SRTRANSFIN,0.0,0.0,3.75,
SRTRANSFIN,12.900024,0.0,0.3499999,
SRTRANSFIN,3.9000244,0.0,0.35000038,
SRTRANSFIN,30.0,0.0,10.800003,
SRTRANSFIN,0.0,41.29004,17.199982,
SRTRANSFIN,0.539917,0.0,0.1,
SRTRANSFIN,0.0,0.9500122,0.099999905,
SRTRANSFIN,0.0,0.0,19.300003,
SRTRANSFIN,29.799988,0.0,0.8500004,
SRTRANSFIN,21.20996,0.0,23.0,
SRTRANSFIN,0.0,7.7000732,73.55005,
SRTRANSFIN,22.75,0.0,0.25,
SRTRANSFIN,0.0,12.900024,32.400024,
SRTRANSFIN,9.950012,0.049999982,2.649994,
SRTRANSFIN,16.950012,2.6500015,18.450012,
SRTRANSFIN,25.450012,37.0,7.700012,
SRTRANSFIN,2.0100098,2.699997,1.8500023,
SRTRANSFIN,27.25,4.649994,12.75,
SRTRANSFIN,0.0,1.9500008,7.399994,
SRTRANSFIN,0.0,1.4500008,25.350006,
SRTRANSFIN,0.0,0.35000038,3.949997,
SRTRANSFIN,0.0,2.4000015,0.14999986,
SRTRANSFIN,1.1500244,9.149994,8.149994,
SRTRANSFIN,0.0,0.20000029,5.949997,
SSINFRA,0.25,4.9000015,1.8000011,
SSWL,24.850037,0.0,45.55005,
STAMPEDE,0.099999994,0.20000029,0.0,
STAN,3.9500008,7.0,0.6999998,
STAR,13.649994,27.899994,0.20000029,
STARCEMENT,2.2000046,0.1,0.0,
STARPAPER,7.1500015,0.100000024,3.4500008,
STCINDIA,2.0999985,5.25,8.0,
STEELCITY,1.2000008,0.19999886,1.2999992,
STEELXIND,2.0500011,14.149994,0.0,
STEL,2.6500015,65.0,0.10000014,
STERTOOLS,8.050003,0.14999998,0.0,
STINDIA,0.4000001,32.94995,5.9000015,
STRTECH,4.400009,2.0,79.900024,
SUBCAPCITY,0.0,28.100006,12.0,
SUBEX,0.1500001,20.399994,13.25,
SUBROS,16.399994,0.8500023,43.0,
SUDARSCHEM,9.399994,13.450012,0.100000024,
SUJANAUNI,0.1,7.450012,1.6499996,
SUMEETINDS,0.05000007,10.950012,4.75,
SUMICHEM,10.050003,4.25,9.0,
SUMIT,1.6999989,0.29999995,13.050003,
SUMMITSEC,21.950012,6.0,1.4000015,
SUNCLAYLTD,67.6499,6.75,9.199997,
SUNDARAM,0.29999995,0.75,0.099999905,
SUNDARMFIN,37.25,42.75,0.099999905,
SUNDARMHLD,5.699997,2.2000008,3.5,
SUNDRMBRAK,13.950012,0.5500002,0.0,
SUNDRMFAST,12.899994,0.29999995,2.5499992,
SUNFLAG,1.6500015,0.0,0.049999952,
SUNPHARMA,7.299988,1.6500015,1.2999992,
SUNTECK,9.649994,4.649994,379.9502,
SUNTV,10.0,1.0999985,0.5,
SUPERHOUSE,7.4000015,0.0,2.9500122,
SUPERSPIN,0.1500001,0.099999905,14.299988,
SUPPETRO,3.5,0.0,3.4000015,
SUPRAJIT,3.75,7.550003,12.050018,
SUPREMEENG,4.8999996,48.400024,24.700012,
SUPREMEIND,23.699951,5.75,6.649994,
SUPREMEINF,0.0,8.75,33.400024,
SURANASOL,0.6000004,41.299927,16.5,
SURANAT&P,0.5500002,0.0,12.400009,
SUREVIN,0.0,0.6499996,4.800003,
SURYALAXMI,1.0,6.3499756,3.0,
SURYAROSNI,5.299988,9.5,2.300003,
SUTLEJTEX,1.4000015,5.300003,17.799988,
SUVEN,0.0,4.949997,0.94999886,
SUZLON,0.099999905,7.25,10.399994,
SVLL,0.0,0.1500001,2.5499992,
SWANENERGY,5.0,0.20000005,2.5,
SWARAJENG,74.0,3.6500015,0.0,
SWELECTES,8.849991,0.100000024,2.4899902,
SWSOLAR,5.75,2.1000004,0.0,
SYMPHONY,22.199951,535.0,6.600006,
SYNCOM,0.0,1.0,4.399994,
SYNDIBANK,1.1000004,1.1900024,36.0,
SYNGENE,8.449982,0.2999878,0.5499997,
TAINWALCHM,13.649998,0.0,36.400024,
TAJGVK,13.0,9.700012,22.449982,
TAKE,2.5999985,4.949997,72.75,
TALBROAUTO,5.399994,23.5,4.0,
TALWALKARS,0.1500001,27.0,89.0,
TALWGYM,0.1500001,5.649994,19.5,
TANLA,4.350006,55.799988,12.899994,
TARMAT,1.7000008,21.650024,1.75,
TASTYBITE,144.9502,8.300003,2.2999954,
TATACAPHSG,0.0,3.75,2.6499996,
TATACAPHSG,0.0,2.5499992,2.3500023,
TATACAPHSG,0.099975586,3.25,2.25,
TATACAPHSG,0.0,13.050018,5.200001,
TATACAPHSG,0.27001953,0.8999996,2.800003,
TATACHEM,20.150024,21.0,0.25,
TATACOFFEE,5.2000046,1.3499985,0.1500001,
TATACOMM,19.649994,0.0,39.549988,
TATAELXSI,36.900024,2.5,6.3499985,
TATAGLOBAL,11.049988,2.9499512,0.049987793,
TATAINVEST,18.850037,10.200073,8.700012,
TATAMETALI,12.0,0.0,48.900024,
TATAMOTORS,10.349991,8.48999,0.0,
TATAMTRDVR,3.4000015,20.350006,6.299999,
TATAPOWER,1.5999985,23.549988,21.200012,
TATASTEEL,1.75,38.799988,1.25,
TATASTEEL,10.100006,0.34999943,103.700195,
TATASTLBSL,0.6499996,25.0,12.5,
TATASTLLP,11.350006,11.049988,17.0,
TBZ,0.94999695,40.0,0.4499998,
TCFSL,0.0,3.600006,18.450012,
TCFSL,3.9899902,53.19995,1.2000008,
TCFSL,1.0,23.950012,2.4000015,
TCFSL,0.0,11.600006,41.099976,
TCFSL,8.0,2.0499992,5.850006,
TCFSL,1.0,4.5,10.849998,
TCFSL,0.0,2.4500008,2.5999985,
TCI,7.350006,3.75,0.0,
TCIDEVELOP,10.450012,0.6499996,14.800049,
TCIEXP,24.899963,5.050003,0.6500006,
TCIFINANCE,0.34999943,2.800003,1.9000015,
TCNSBRANDS,23.950012,0.0,4.449997,
TCPLPACK,4.049988,0.19999981,0.0,
TCS,36.94995,16.100006,2.550003,
TDPOWERSYS,3.350006,6.949997,31.150024,
TEAMLEASE,106.19995,10.0,14.0,
TECHIN,0.0,12.75,3.2000008,
TECHM,13.650024,40.899902,2.5999985,
TECHNOE,9.950012,0.0,5.75,
TECHNOFAB,1.8500004,2.25,0.0,
TEJASNET,4.5,23.849976,0.4499998,
TERASOFT,1.4500008,1.3999996,1.3500004,
TEXINFRA,5.5999985,60.450195,15.0,
TEXMOPIPES,0.8499994,26.850006,6.7000046,
TEXRAIL,2.7000008,24.0,0.3000002,
TFCILTD,4.5,0.5999999,2.3999977,
TFL,0.4000001,5.0,0.6000004,
TGBHOTELS,0.3499999,5.799999,1.199997,
THANGAMAYL,14.700012,2.75,2.0999985,
THEINVEST,8.949997,45.900024,23.799988,
THEJO,0.0,4.75,120.0,
THEMISMED,17.75,7.0,5.6499977,
THERMAX,17.900024,4.6500015,0.10000014,
THIRUSUGAR,0.0,0.0,0.80000114,
THOMASCOOK,2.5,15.300049,3.300003,
THOMASCOTT,0.0,0.5500002,8.350006,
THYROCARE,15.0,1.9000015,39.94995,
TI,1.6499996,7.5,7.75,
TIDEWATER,148.0,0.0,0.100000024,
TIIL,21.700012,3.75,5.950001,
TIINDIA,30.100006,33.44995,33.44995,
TIJARIA,0.5,11.200012,3.300003,
TIL,9.300003,0.0,0.35000038,
TIMESGTY,6.4000015,3.4500046,5.649994,
TIMETECHNO,1.4500008,11.299995,5.8499985,
TIMKEN,22.049988,0.0,0.3000002,
TINPLATE,3.300003,0.4000001,0.39999962,
TIPSINDLTD,9.849998,0.8500004,16.0,
TIRUMALCHM,3.3499985,16.100037,0.8500023,
TIRUPATIFL,0.0,7.699997,102.299805,
TITAN,26.300049,0.5999999,2.5499992,
TMRVL,0.4499998,5.549999,7.149994,
TNPETRO,1.8500023,0.9499998,5.25,
TNPL,5.199997,1.5999985,3.6500015,
TNTELE,0.0,3.5,2.300003,
TOKYOPLAST,2.8499985,34.950012,0.5,
TORNTPHARM,49.30005,292.0,0.0,
TORNTPOWER,4.25,4.450001,0.3000002,
TOUCHWOOD,2.449997,0.10000014,12.550018,
TPLPLASTEH,10.299988,0.80000114,0.049999982,
TRANSWIND,0.0,4.449997,0.29999924,
TREEHOUSE,0.25,12.199982,7.649994,
TREJHARA,1.0500002,59.75,24.0,
TRENT,22.0,4.5,0.5,
TRF,4.1500015,0.0,0.100000024,
TRIDENT,0.25,2.4000015,1.2000008,
TRIGYN,2.1499977,29.900024,0.09000015,
TRIL,0.5,6.850006,12.97998,
TRITURBINE,1.300003,0.35000038,53.0,
TRIVENI,1.6500015,7.100006,16.51001,
TTKHLTCARE,53.0,3.0,17.0,
TTKPRESTIG,96.8501,0.4499998,0.25,
TTL,2.0,0.0,7.449997,
TTML,0.1500001,7.8000183,0.05,
TV18BRDCST,0.69999886,2.1500015,6.8499985,
TVSELECT,6.25,124.3501,14.700012,
TVSMOTOR,9.700012,3.4500008,55.0,
TVSSRICHAK,45.849976,0.0,2.0999985,
TVTODAY,4.100006,5.600006,1.9500008,
TVVISION,0.0,4.75,0.5999985,
TWL,3.25,0.6499996,0.0,
UBL,27.0,1.2999992,37.899994,
UCALFUEL,6.5,0.6500006,1.4500008,
UCOBANK,0.19999981,0.0,0.35000038,
UFLEX,5.699997,0.35000038,33.25,
UFO,3.0,7.049988,4.199997,
UGARSUGAR,0.5,0.0,56.69995,
UJAAS,0.19999981,8.25,0.70000076,
UJJIVAN,10.0,12.25,19.550049,
UJJIVANSFB,0.95000076,0.8499985,2.0999985,
ULTRACEMCO,94.0,0.05000007,10.399994,
UMANGDAIRY,1.4000015,0.6000004,55.0,
UMESLTD,0.0,0.0,0.100000024,
UNICHEMLAB,4.949997,3.0,0.20000005,
UNIENTER,1.9000015,13.290039,1.8500061,
UNIINFO,1.0500011,15.299988,0.050000012,
UNIONBANK,0.75,12.0,0.099999905,
UNIPLY,0.8500004,0.4000001,0.049999952,
UNITECH,0.0,5.699997,0.0,
UNITEDBNK,0.10000038,0.05,0.4000001,
UNITEDTEA,10.700012,5.5,12.950005,
UNITY,0.049999982,22.25,137.5,
UNIVASTU,0.0,102.70001,20.549988,
UNIVCABLES,8.399994,2.5999985,3.3499985,
UPL,8.850037,2.8999977,0.1500001,
URAVI,0.1000061,0.6500015,16.0,
URJA,0.05000007,0.049999952,0.8999996,
USHAMART,1.4500008,20.450012,12.75,
UTIFEFRGR4,0.0,0.0,0.25,
UTINEXT50,5.049988,1.0999985,0.05,
UTINIFTETF,54.890015,0.099999905,2.0,
UTISENSETF,14.97998,69.0,8.649994,
UTISXN50,3.600006,0.0,8.300003,
UTTAMSTL,0.3499999,3.5999908,0.050000012,
UTTAMSUGAR,6.100006,61.0,0.5,
UVSL,0.05,0.94999886,2.9500008,
V2RETAIL,7.949997,28.949951,45.0,
VADILALIND,17.0,2.3499985,43.94995,
VAIBHAVGBL,25.5,11.0,18.0,
VAISHALI,1.5,33.0,7.600006,
VAKRANGEE,3.25,0.100000024,0.0,
VARDHACRLC,1.1000023,0.0,9.800003,
VARDMNPOLY,0.099999905,2.699997,86.5,
VARROC,10.650024,0.050000012,49.75,
VASA,0.05000019,0.1500001,59.0,
VASCONEQ,1.5,0.1500001,12.0,
VASWANI,0.25,0.0,144.0,
VBL,56.149963,0.75,3.0,
VCL,3.0,0.25,0.0,
VEDL,3.5,7.7000046,7.050003,
VENKEYS,33.0,55.05005,1.1499996,
VENUSREM,1.0,37.799988,25.099976,
VERTOZ,0.0,1.550003,2.3999996,
VESUVIUS,23.400024,0.0,5.699997,
VETO,3.5,18.899994,3.5999985,
VGUARD,3.699997,1.0,1.699997,
VHL,18.949951,9.399994,1.5,
VICEROY,0.100000024,0.3000002,119.8999,
VIDEOIND,0.0,0.05,12.25,
VIDHIING,1.949997,9.699997,22.950012,
VIJIFIN,0.099999994,3.800003,47.75,
VIKASECO,0.10000014,3.149994,2.5,
VIKASMCORP,0.20000005,0.099999994,1.4499989,
VIKASPROP,0.0,0.6999998,4.149994,
VIKASWSP,0.5999999,1.9000015,17.549988,
VIMALOIL,0.20000005,49.900024,10.600006,
VIMTALABS,3.0499954,45.25,0.0,
VINATIORGA,73.8999,16.449951,5.550003,
VINDHYATEL,21.5,12.0,3.0,
VINYLINDIA,3.75,7.7999954,3.5,
VIPCLOTHNG,0.3499999,124.0,1.4500008,
VIPIND,6.649994,52.94995,1.5,
VIPULLTD,1.7000008,59.950012,5.6999817,
VISAKAIND,4.950012,6.5,0.05000019,
VISASTEEL,0.2999997,95.3999,1.1999989,
VISESHINFO,0.05,2.8499985,0.14999962,
VISHAL,0.0,0.8999996,0.0,
VISHNU,7.199997,6.5,2.9000015,
VISHWARAJ,3.8499985,1.3500004,4.0,
VIVIDHA,0.099999994,16.600006,2.5,
VIVIMEDLAB,0.5999994,2.2000008,0.0,
VLSFINANCE,1.7000008,9.150009,4.0,
VMART,68.0,3.75,1.6000004,
VOLTAMP,25.75,4.0,2.949997,
VOLTAS,13.800049,2.7999992,4.9000015,
VRLLOG,8.700012,136.0,2.6500015,
VSSL,7.449997,19.899994,60.0,
